station,city
北京北,北京
北京东,北京
北京,北京
北京南,北京
北京大兴,北京
北京西,北京
北京朝阳,北京
重庆北,重庆
重庆西,重庆
上海,上海
上海南,上海
上海虹桥,上海
上海西,上海
天津北,天津
天津,天津
天津南,天津
天津西,天津
长春,长春
长春西,长春
成都东,成都
成都南,成都
成都西,成都
长沙,长沙
长沙南,长沙
福州,福州
福州南,福州
钢城,济南
贵阳,贵阳
贵阳北,贵阳
贵阳东,贵阳
广州北,广州
广州东,广州
广州,广州
广州南,广州
哈尔滨北,哈尔滨
哈尔滨,哈尔滨
哈尔滨东,哈尔滨
哈尔滨西,哈尔滨
合肥北城,合肥
合肥,合肥
合肥南,合肥
呼和浩特东,呼和浩特
呼和浩特,呼和浩特
海口东,海口
海口,海口
杭州东,杭州
杭州,杭州
杭州南,杭州
济南,济南
济南东,济南
济南西,济南
昆明,昆明
昆明南,昆明
历城,济南
拉萨,拉萨
林盛堡,沈阳
莱芜北,济南
兰州,兰州
兰州新区,兰州
兰州西,兰州
南昌,南昌
南昌西,南昌
南京,南京
南京南,南京
南宁北,南宁
南宁东,南宁
南宁,南宁
南宁西,南宁
石家庄北,石家庄
石家庄东,石家庄
石家庄,石家庄
沈阳,沈阳
沈阳北,沈阳
沈阳南,沈阳
太原南,太原
太原,太原
武汉,武汉
武汉东,武汉
乌鲁木齐南,乌鲁木齐
乌鲁木齐,乌鲁木齐
吴圩机场,南宁
西安北,西安
西安,西安
西宁,西宁
雪野,济南
银川,银川
引镇,西安
章丘南,济南
郑州东,郑州
郑州航空港,郑州
郑州,郑州
郑州西,郑州
昂昂溪,齐齐哈尔
阿城北,哈尔滨
阿城,哈尔滨
安达,绥化
安德,成都
阿尔山,兴安
安吉,湖州
安靖,成都
安家,哈尔滨
安康,安康
阿克苏,阿克苏
阿克陶,阿图什
阿拉尔,阿克苏
阿里河,呼伦贝尔
阿勒泰,阿勒泰
安陆,孝感
安陆西,孝感
安庆,安庆
安庆西,安庆
安顺,安顺
鞍山,鞍山
安顺西,安顺
鞍山西,鞍山
安亭北,上海
安亭西,上海
安阳,安阳
安阳东,安阳
北安,黑河
博白,玉林
蚌埠南,蚌埠
蚌埠,蚌埠
巴楚,喀什
白城,白城
北辰,天津
宝坻北,天津
八达岭长城,北京
保定东,保定
北戴河,秦皇岛
保定,保定
巴东,恩施
八方山,长沙
北海,北海
滨海,天津
滨海北,天津
滨海西,天津
毕节,毕节
宝鸡,宝鸡
白涧,保定
宝鸡南,宝鸡
北京丰台,北京
白奎堡,哈尔滨
博克图,呼伦贝尔
博乐,博乐
巴林,呼伦贝尔
勃利,七台河
白马井,儋州
八面通,牡丹江
北票,朝阳
宝清,双鸭山
宝泉岭,鹤岗
百色,百色
白山市,白山
包头东,包头
包头,包头
北屯市,阿勒泰
宾西北,哈尔滨
本溪,本溪
步行街,成都
宾阳,南宁
白云鄂博,包头
白云北,贵阳
白云机场北,广州
白洋淀,保定
背荫河,哈尔滨
百宜,贵阳
巴彦高勒,巴彦淖尔
鲅鱼圈,营口
白银西,白银
白云西,贵阳
彬州东,咸阳
巴中,巴中
滨州,滨州
亳州,亳州
宾州,哈尔滨
亳州南,亳州
查布嘎,赤峰
赤壁,咸宁
长白山,延边
常德,常德
承德,承德
承德南,承德
曹妃甸东,唐山
赤峰,赤峰
曹妃甸港,唐山
赤峰南,赤峰
嵯岗,呼伦贝尔
长葛北,许昌
柴沟堡,张家口
城固,汉中
成高子,哈尔滨
草海,毕节
巢湖东,合肥
柴河,牡丹江
巢湖,合肥
从江,凯里
蔡家崖,吕梁
长乐东,福州
长乐,福州
长临河,合肥
慈利,张家界
崇礼,张家口
昌黎,秦皇岛
长流,海口
长乐南,福州
晨明,伊春
苍南,温州
昌平北,北京
常平东,东莞
昌平,北京
长庆桥,庆阳
长寿北,长寿
潮汕,潮州
察素齐,呼和浩特
朝天,广元
长汀南,长汀
昌图,铁岭
昌图西,铁岭
苍溪,广元
辰溪,怀化
楚雄,楚雄
曹县,菏泽
城西,海口
长兴南,湖州
潮阳,汕头
朝阳湖,成都
滁州北,滁州
常州北,常州
长治北,长治
长治东,长治
长征,白银
池州,池州
滁州,滁州
郴州,郴州
沧州,沧州
常州,常州
长治,长治
崇州,成都
崇左南,崇左
郴州西,郴州
沧州西,沧州
大安北,白城
东安东,永州
定边,榆林
东岔,天水
丹东,丹东
东方,东方
丹凤,商洛
大丰,株洲
东方红,鸡西
大方南,毕节
东风南,酒泉
东港北,丹东
东莞东,东莞
东莞南,东莞
大孤山,丹东
东莞,东莞
东莞西,东莞
大虎山,锦州
敦化,延边
敦煌,酒泉
德惠,长春
德惠西,长春
东京城,牡丹江
垫江,垫江
道滘,东莞
洞井,长沙
都江堰,成都
洞口,邵阳
大连北,大连
德令哈,德令哈
达连河,哈尔滨
大荔,渭南
大理,大理
大连,大连
大明湖,济南
得莫利,哈尔滨
定南,赣州
定南南,赣州
大庆东,大庆
大庆,大庆
对青山,哈尔滨
大庆西,大庆
独山,都匀
砀山南,宿州
大石桥,营口
东胜西,鄂尔多斯
大同南,大同
大同,大同
大通西,西宁
党武,贵阳
定西北,定西
大兴机场,廊坊
定西,定西
东乡,抚州
大兴,齐齐哈尔
德阳,德阳
当阳,宜昌
丹阳,镇江
大冶北,黄石
大英东,遂宁
都匀东,都匀
东营,东营
大邑,成都
东营南,东营
大杨树,呼伦贝尔
都匀,都匀
德州东,德州
定州东,保定
邓州东,南阳
东至,池州
达州,达州
德州,德州
定州,保定
邓州,南阳
鄂尔多斯,鄂尔多斯
二连,二连浩特
峨眉,乐山
峨眉山,乐山
恩施,恩施
鄂州,鄂州
防城港北,防城港
福鼎,宁德
肥东,合肥
丰都,丰都
福海,阿勒泰
凤凰机场,三亚
凤凰城,丹东
汾河,太原
富锦,佳木斯
涪陵北,涪陵
风陵渡,运城
涪陵,涪陵
富拉尔基,齐齐哈尔
福利区,兰州
阜宁东,盐城
富宁,文山
福清,福州
福泉,都匀
芙蓉南,长沙
抚顺北,抚顺
富顺,自贡
佛山,佛山
佛山西,佛山
福田,深圳
凤县,宝鸡
阜新,阜新
肥西,合肥
阜新南,阜新
阜阳,阜阳
富阳,杭州
扶余北,松原
分宜,新余
富蕴,阿勒泰
富源,曲靖
抚远,佳木斯
富裕,齐齐哈尔
阜阳西,阜阳
丰镇,乌兰察布
凤州,宝鸡
抚州,抚州
方正,哈尔滨
广安南,广安
广安,广安
高安,宜春
贵安,贵阳
古北口,北京
藁城南,石家庄
格尔木,格尔木
贵港,贵港
甘谷,天水
古交,太原
皋兰,兰州
桂林北,桂林
高楞,哈尔滨
桂林,桂林
广南县,文山
桂平,贵港
共青城,九江
固始,信阳
广水,随州
谷山,长沙
观沙岭,长沙
干塘,中卫
广通北,楚雄
古田会址,龙岩
高兴,广安
高邑,石家庄
巩义,郑州
巩义南,郑州
固原,固原
广元,广元
赣榆,连云港
高邑西,石家庄
赣州,赣州
公主岭,长春
公主岭南,长春
冠豸山,龙岩
盖州西,营口
赣州西,赣州
淮安东,淮安
淮安,淮安
红安西,黄冈
淮北,淮北
鹤北,佳木斯
淮滨,信阳
湖潮东,贵阳
韩城,渭南
合川,合川
珲春,延边
潢川,信阳
海城,鞍山
花城街,广州
河池西,河池
海城西,鞍山
邯郸,邯郸
河东机场,银川
邯郸东,邯郸
惠东南,惠州
哈达铺,陇南
花都,广州
洪洞西,临汾
横道河子,牡丹江
霍尔果斯,伊宁
鹤岗,鹤岗
黄冈东,黄冈
红果,六盘水
红光镇,成都
红河,蒙自
黑河,黑河
怀化南,怀化
黄河景区,郑州
怀化,怀化
环江,河池
河津,运城
怀集,肇庆
河口北,蒙自
宏克力,哈尔滨
河口南,兰州
汉口,武汉
呼兰,哈尔滨
葫芦岛北,葫芦岛
葫芦岛,葫芦岛
海拉尔,呼伦贝尔
哈拉海,长春
海林,牡丹江
虎林,鸡西
霍林郭勒,通辽
黄陵南,延安
海伦,绥化
侯马,临汾
黄梅东,黄冈
鲘门,汕尾
海门,南通
哈密,哈密
侯马西,临汾
淮南,淮南
桦南,桦南
淮南东,淮南
淮南南,淮南
海宁西,嘉兴
鹤庆,大理
怀柔北,北京
怀仁东,朔州
怀柔南,北京
怀柔,北京
华山北,渭南
衡水北,衡水
黄山北,黄山
华山,华阴
和硕,库尔勒
黑水,白城
衡水,衡水
黄石,黄石
黄山,黄山
黑山寺,北京
海石湾,兰州
花山镇,广州
花土沟,茫崖
和田,和田
会同,怀化
花溪大学城,贵阳
环县,庆阳
花溪南,贵阳
花溪西,贵阳
惠阳,惠州
衡阳,衡阳
河源东,河源
衡阳东,衡阳
鄠邑,西安
河源,河源
湟源,西宁
惠州北,惠州
菏泽东,菏泽
菏泽,菏泽
贺州,贺州
华州,渭南
湖州,湖州
汉中,汉中
惠州,惠州
吉安,吉安
吉安西,吉安
晋城东,晋城
金昌,金昌
晋城,晋城
金城江,河池
景德镇北,景德镇
建德,杭州
鸡东,鸡西
景德镇,景德镇
加格达奇,加格达奇
井冈山,吉安
静海,天津
精河南,博乐
金华南,金华
金华,金华
蛟河西,吉林
金华镇,贵阳
晋江,泉州
九江,九江
军粮城北,天津
吉林,吉林
即墨北,青岛
江门,江门
荆门,荆门
剑门关,广元
佳木斯,佳木斯
建宁县北,建宁
济宁,济宁
江宁,南京
集宁南,乌兰察布
江宁西,南京
经棚,赤峰
建平,朝阳
酒泉南,酒泉
酒泉,酒泉
金山北,上海
吉首东,吉首
吉首,吉首
江山,衢州
尖山,长沙
建三江,佳木斯
界首南,阜阳
九台,长春
九台南,长春
绩溪北,宣城
介休东,晋中
介休,晋中
靖西,百色
嘉兴,嘉兴
鸡西,鸡西
井陉,石家庄
进贤,南昌
嘉兴南,嘉兴
进贤南,南昌
绩溪县,宣城
鸡西西,鸡西
金阳,贵阳
巨野,菏泽
嘉峪关,嘉峪关
嘉峪关南,嘉峪关
金阳南,贵阳
简阳南,成都
江油,绵阳
锦州北,锦州
蓟州北,天津
荆州,荆州
金寨,六安
锦州,锦州
金州,大连
晋州,石家庄
蓟州,天津
锦州南,锦州
焦作,焦作
焦作西,焦作
库车,阿克苏
库都尔,呼伦贝尔
库尔勒,库尔勒
开封北,开封
开福寺,长沙
开化,衢州
康金井,哈尔滨
凯里,凯里
凯里南,凯里
开鲁,通辽
克拉玛依,克拉玛依
喀什,喀什
昆山,苏州
克山,齐齐哈尔
昆山南,苏州
奎屯,伊宁
开阳,贵阳
开原,铁岭
开原西,铁岭
喀左,朝阳
隆安东,南宁
六安,六安
灵宝,三门峡
来宾北,来宾
灵宝西,三门峡
绿博园,郑州
临沧,临沧
隆昌北,内江
乐昌东,韶关
陆川,玉林
龙川,河源
利川,恩施
潞城,长治
聊城,聊城
龙川西,河源
老城镇,澄迈
两当,陇南
龙洞堡,贵阳
娄底,娄底
娄底南,娄底
离堆公园,成都
廊坊,廊坊
娄烦,太原
廊坊北,廊坊
陆丰,汕尾
临汾,临汾
临汾西,临汾
芦官,贵阳
麓谷,长沙
临河,巴彦淖尔
柳河,通化
漯河,漯河
珞璜南,江津
隆回,邵阳
隆化,承德
漯河西,漯河
丽江,丽江
龙嘉,长春
庐江,合肥
连江,福州
庐江西,合肥
兰考,开封
兰考南,开封
林口,林口
龙口市,烟台
吕梁,吕梁
醴陵,株洲
兰棱,哈尔滨
拉林,哈尔滨
柳林南,吕梁
陇南,陇南
辽宁朝阳,朝阳
梁平,梁平
滦平,承德
罗平,曲靖
梁平南,梁平
临平南,杭州
六盘水,六盘水
灵丘,大同
龙桥,合肥
龙山北,吉首
灵石东,晋中
乐山,乐山
陵水,陵水
丽水,丽水
庐山,九江
溧水,南京
岚山西,日照
黎塘,南宁
芦台,天津
临潼,西安
乐同,广州
灵武北,银川
洛湾三江,贵阳
泸县,泸州
澧县,常德
陇西,定西
陇县,宝鸡
莱西,青岛
兰溪,金华
良乡,北京
略阳,汉中
辽阳,辽阳
耒阳,衡阳
溧阳,常州
龙岩,龙岩
洛阳,洛阳
临沂北,临沂
连云港东,连云港
连云港,连云港
临沂,临沂
洛阳龙门,洛阳
柳园南,酒泉
辽源,辽源
柳园,酒泉
涟源,娄底
涞源,保定
罗源,福州
耒阳西,衡阳
泸州,泸州
林芝,林芝
柳州,柳州
六枝,六盘水
阆中,南充
龙镇,黑河
立志,大庆
辽中,沈阳
马鞍山东,马鞍山
麻城北,黄冈
麻城,黄冈
渑池南,三门峡
免渡河,呼伦贝尔
牡丹江,牡丹江
帽儿山,哈尔滨
帽儿山西,哈尔滨
明光,滁州
孟关,贵阳
磨憨,勐腊
漠河,加格达奇
梅河口,通化
民和南,海东
米兰,库尔勒
勐腊,勐腊
美兰,海口
弥勒,蒙自
穆棱,牡丹江
茂名,茂名
茂名西,茂名
冕宁,西昌
闽清北,福州
民权,商丘
眉山东,眉山
名山,雅安
密山,鸡西
庙山,武汉
麻尾,都匀
岷县,定西
勉县,汉中
绵阳,绵阳
密云北,北京
孟塬,渭南
墨玉,和田
门源,海北州
暮云,长沙
密云,北京
梅州,梅州
蒙自,蒙自
满洲里,呼伦贝尔
梅州西,梅州
宁安,牡丹江
农安,长春
宁波,宁波
南部,南充
南充北,南充
南充,南充
南城,抚州
南岔,伊春
南丹,河池
宁德,宁德
宁东,银川
南丰,抚州
宁海,宁波
南湖东,武汉
讷河,齐齐哈尔
牛河梁,朝阳
内江北,内江
嫩江,黑河
南江,贵阳
牛家,哈尔滨
牛栏山,北京
宁陵县,商丘
奈曼,通辽
南平市,南平
宁强南,汉中
那曲,那曲
南通,南通
南通西,南通
宁武,忻州
南翔北,上海
南雄,韶关
宁乡,长沙
南阳,南阳
南阳东,南阳
纳雍,毕节
南阳寨,郑州
碾子山,齐齐哈尔
蒲城东,渭南
平昌,巴中
平顶山,平顶山
平度,青岛
平度西,青岛
平顶山西,平顶山
普洱,普洱
平房,哈尔滨
盘锦北,盘锦
盘锦,盘锦
蒲江,成都
普兰店,大连
平凉,平凉
平凉南,平凉
蓬莱市,烟台
普宁,揭阳
平泉北,承德
皮山,和田
磐石,吉林
坪石,韶关
平山,哈尔滨
平潭,福州
莆田,莆田
萍乡北,萍乡
萍乡,萍乡
郫县,成都
郫县西,成都
平阳,温州
平遥古城,晋中
濮阳东,濮阳
平原东,德州
彭泽,九江
普者黑,文山
盘州,六盘水
彭州,成都
攀枝花南,攀枝花
彭州南,成都
庆安,绥化
青白江东,成都
清城,清远
蕲春,蕲春
青川,广元
青城山,成都
青岛,青岛
青岛北,青岛
千岛湖,杭州
启东,南通
青岛西,青岛
曲阜东,济宁
前锋,佳木斯
曲阜,济宁
琼海,琼海
清河城,邢台
秦皇岛,秦皇岛
清河,北京
曲靖北,曲靖
綦江东,綦江
黔江,黔江
曲靖,曲靖
前进镇,佳木斯
邛崃,成都
清流,三明
齐齐哈尔,齐齐哈尔
齐齐哈尔南,齐齐哈尔
潜山,安庆
庆盛,广州
七台河,七台河
青铜峡,吴忠
七台河西,七台河
渠县,达州
沁县,长治
庆阳,庆阳
清远,清远
庆元,丽水
钦州东,钦州
乔庄东,北京
衢州,衢州
泉州,泉州
全州南,桂林
清镇西,贵阳
融安,柳州
瑞安,温州
荣昌北,荣昌
荣成,威海
如东,南通
瑞金,赣州
日喀则,日喀则
饶平,潮州
若羌,库尔勒
日照西,日照
双城北,哈尔滨
舒城东,六安
莎车,喀什
沙城,张家口
宋城路,开封
双城堡,哈尔滨
邵东,邵阳
双峰北,娄底
双丰,伊春
绥芬河,牡丹江
韶关东,韶关
韶关,韶关
商河,济南
山海关,秦皇岛
沙河市,邢台
绥化,绥化
石河子,石河子
三家店,北京
三间房,齐齐哈尔
松江河,白山
水家湖,合肥
松江,上海
孙家,哈尔滨
三江南,柳州
松江南,上海
苏家屯,沈阳
舒兰,吉林
双流机场,成都
双龙湖,哈尔滨
绥棱,绥化
狮岭,广州
石林,昆明
双龙南,贵阳
商洛,商洛
石林西,昆明
胜利镇,哈尔滨
石门县北,常德
三明北,三明
三明,三明
嵩明,昆明
树木岭,长沙
三门峡南,三门峡
神木,榆林
三门县,台州
三门峡西,三门峡
三门峡,三门峡
商南,商洛
遂宁,遂宁
睢宁,徐州
宋,绥化
沙坪坝,重庆
四平东,四平
山坡东,武汉
四平,四平
沈丘北,周口
宿迁,宿迁
商丘,商丘
石泉县,安康
上饶,上饶
石人城,哈尔滨
鄯善北,吐鲁番
宿松东,安庆
神树,伊春
韶山南,湘潭
宿松,安庆
三穗,凯里
松桃,铜仁
汕头,汕头
汕尾,汕尾
绍兴北,绍兴
绍兴东,绍兴
松溪,南平
涉县,邯郸
绍兴,绍兴
三亚,三亚
邵阳,邵阳
十堰,十堰
双阳,长春
十堰东,十堰
顺义,北京
松原,松原
双鸭山西,双鸭山
顺义西,北京
深圳北,深圳
苏州北,苏州
深圳机场,深圳
嵊州新昌,绍兴
深圳东,深圳
宿州东,宿州
绥中,葫芦岛
朔州,朔州
深圳,深圳
随州,随州
宿州,宿州
苏州,苏州
尚志,哈尔滨
随州南,随州
尚志南,哈尔滨
深圳坪山,深圳
石嘴山,石嘴山
石柱县,石柱
泰安,泰安
通北,黑河
铜川东,铜川
塔城,塔城
通道,怀化
潼关,渭南
太谷,晋中
塘沽,天津
吐哈,吐鲁番
通海,玉溪
塔哈,齐齐哈尔
天河机场,武汉
泰和,吉安
塔河,加格达奇
太湖南,安庆
天河潭,贵阳
通化,通化
太湖,安庆
同江,佳木斯
托克托东,呼和浩特
泰来,齐齐哈尔
吐鲁番北,吐鲁番
吐鲁番,吐鲁番
通辽,通辽
铜陵,铜陵
铁岭,铁岭
铁力,伊春
桐庐,杭州
铁岭西,铁岭
陶赖昭,松原
图们北,延边
图木舒克,喀什
天门南,天门
潼南,潼南
泰宁,三明
铜仁,铜仁
铜仁南,铜仁
唐山北,唐山
泰山,泰安
唐山,唐山
天水,天水
天水南,天水
汤旺河,伊春
汤逊湖,武汉
土溪,达州
通远堡,丹东
太阳升,大庆
通榆,白城
桐梓北,遵义
太子城,张家口
滕州东,枣庄
桐梓东,遵义
台州,台州
泰州,泰州
通州,北京
台州西,台州
通州西,北京
文昌,文昌
武昌,武汉
五常,哈尔滨
潍坊,潍坊
瓦房店,大连
瓦房店西,大连
王岗,哈尔滨
武功,咸阳
威海,威海
乌海,乌海
苇河,哈尔滨
芜湖,芜湖
乌海西,乌海
苇河西,哈尔滨
温江,成都
五家,哈尔滨
五棵树,长春
乌兰察布,乌兰察布
万乐,哈尔滨
温岭,台州
武隆,武隆
乌拉特前旗,巴彦淖尔
乌兰浩特,兴安
渭南,渭南
渭南北,渭南
五女山,本溪
渭南西,渭南
武清,天津
武胜,广安
威舍,兴义
乌审旗,鄂尔多斯
乌苏,塔城
武威,武威
武威南,武威
无为南,芜湖
武穴北,武穴
无锡东,无锡
无锡,无锡
武穴,武穴
闻喜西,运城
武夷山北,南平
五营,伊春
乌伊岭,伊春
武夷山,南平
渭源,定西
婺源,上饶
万源,达州
万州北,万州
梧州,梧州
万州,万州
吴忠,吴忠
温州,温州
梧州南,梧州
温州南,温州
兴安北,桂林
雄安,保定
西安西,西安
许昌东,许昌
兴城,葫芦岛
宣城,宣城
许昌,许昌
西昌西,西昌
新都东,成都
香坊,哈尔滨
咸丰,恩施
西丰,铁岭
息烽,贵阳
先锋,长沙
湘府路,长沙
轩岗,忻州
孝感北,孝感
孝感东,孝感
香港西九龙,香港
兴国,赣州
西固,兰州
宣汉,达州
兴和北,乌兰察布
下花园北,张家口
新化南,娄底
新会,江门
新晃西,怀化
新津,成都
辛集,石家庄
小金口,惠州
新津南,成都
辛集南,石家庄
西来,成都
仙林,南京
小岭,哈尔滨
锡林浩特,锡林郭勒
兴隆县,承德
兴隆镇,哈尔滨
厦门北,厦门
新民北,沈阳
厦门,厦门
新民,沈阳
咸宁南,咸宁
溆浦南,怀化
霞浦,宁德
溆浦,怀化
犀浦,成都
秀山,秀山
小市,本溪
兴山,宜昌
西双版纳,景洪
仙桃,仙桃
湘潭,湘潭
向塘,南昌
邢台东,邢台
新塘南,广州
兴文,宜宾
宣威,曲靖
修文县,贵阳
萧县北,宿州
新香坊北,哈尔滨
新乡东,新乡
西乡,汉中
西峡,南阳
新乡,新乡
小新街,昆明
信阳,信阳
旬阳,安康
咸阳,咸阳
襄阳,襄阳
新余北,新余
熊岳城,营口
信阳东,信阳
襄阳东,襄阳
兴义,兴义
秀英,海口
祥云,大理
新余,新余
咸阳西,咸阳
新郑机场,郑州
徐州东,徐州
忻州,忻州
新肇,大庆
襄州,襄阳
徐州,徐州
香樟路,长沙
忻州西,忻州
雅安,雅安
延安,延安
永安南,三明
依安,齐齐哈尔
迎宾路,成都
亚布力,哈尔滨
宜宾西,宜宾
亚布力西,哈尔滨
运城北,运城
永川东,永川
宜昌东,宜昌
岳池,广安
叶城,喀什
阳春,阳江
宜春,宜春
运城,运城
盐城,盐城
伊春,伊春
榆次,晋中
杨村,天津
永登,兰州
雁荡山,温州
于都,于都
姚渡,广元
英德西,清远
云浮东,云浮
永济北,运城
延吉,延边
阳江,阳江
永济,运城
燕郊,廊坊
英吉沙,喀什
延吉西,延边
营口东,营口
永康南,金华
牙克石,呼伦贝尔
依兰,哈尔滨
玉林,玉林
榆林,榆林
杨陵,咸阳
炎陵,株洲
阎良,西安
杨林,昆明
杨陵南,咸阳
杨柳青,天津
亚龙湾,三亚
羊马,成都
一面坡北,哈尔滨
云梦东,孝感
玉门,酒泉
一面坡,哈尔滨
元谋西,楚雄
郁南,云浮
伊宁,伊宁
延平东,南平
阳平关,汉中
玉屏,铜仁
延平,南平
原平,忻州
延平西,南平
原平西,忻州
阳泉北,阳泉
阳泉东,阳泉
雁栖湖,北京
焉耆,库尔勒
乐清,温州
延庆,北京
阳泉,阳泉
阳曲,太原
玉泉,哈尔滨
阳曲西,太原
榆社,晋中
玉山,上饶
营山,南充
榆树,长春
元氏,石家庄
玉山南,上饶
榆树屯,齐齐哈尔
银滩,儋州
烟台,烟台
鹰潭,鹰潭
永泰,福州
鹰潭北,鹰潭
伊图里河,呼伦贝尔
烟台南,烟台
烟筒山,吉林
玉田县,唐山
义乌,金华
玉溪,玉溪
云霄,漳州
义县,锦州
阳新,黄石
宜兴,无锡
尤溪,三明
益阳,益阳
岳阳,岳阳
岳阳东,岳阳
益阳南,益阳
扬州东,扬州
崖州,三亚
永州,永州
兖州,济宁
扬州,扬州
榆中,兰州
诏安,漳州
淄博北,淄博
淄博,淄博
中川机场,兰州
正定机场,石家庄
正定,石家庄
纸坊东,武汉
柘皋,合肥
自贡,自贡
珠海,珠海
庄河北,大连
珠海北,珠海
珠海长隆,珠海
张家川,天水
张家港,苏州
湛江,湛江
织金,毕节
治江,汉中
芷江,怀化
诸暨,绍兴
镇江,镇江
周家,哈尔滨
张家界,张家界
张家口,张家口
镇江南,镇江
湛江西,湛江
张家界西,张家界
周口东,周口
周口,周口
镇赉,白城
庄里,富平
扎兰屯,呼伦贝尔
扎赉诺尔西,呼伦贝尔
驻马店,驻马店
驻马店西,驻马店
泽普,喀什
漳平西,龙岩
章丘北,济南
肇庆东,肇庆
肇庆,肇庆
章丘,济南
柞水,商洛
珠斯花,通辽
中山,中山
樟树,宜春
朱砂古镇,铜仁
中堂,东莞
昭通,昭通
中卫,中卫
中卫南,中卫
镇雄,昭通
紫阳,安康
枣阳,襄阳
资阳北,资阳
张掖,张掖
遵义,遵义
镇远,凯里
张掖西,张掖
资中北,内江
涿州东,保定
枣庄,枣庄
漳州,漳州
株洲,株洲
庄寨,菏泽
株洲南,株洲
枣庄西,枣庄
株洲西,株洲
阿巴嘎旗,锡林郭勒
安多,那曲
安广,白城
敖汉,赤峰
安化,益阳
安江东,怀化
安匠,承德
安口窑,宝鸡
敖力布告,通辽
阿木尔,加格达奇
安仁,郴州
阿图什,阿图什
安图西,延边
阿瓦提,阿克苏
博鳌,琼海
栟茶,南通
宝坻,天津
宝坻南,天津
宝丰,平顶山
白沟,保定
白河东,安康
滨海港,盐城
白河县,安康
北滘,佛山
笔架山,双鸭山
北井子,丹东
保康,通辽
保康县,襄阳
白狼,兴安
博罗北,惠州
北流,玉林
宝林,牡丹江
宝龙山,通辽
八里甸子,本溪
白马北,内江
八面城,铁岭
白泉,辽源
璧山,璧山
白沙铺,黄石
板塘,湘潭
泊头,沧州
巴图营,朝阳
白文东,吕梁
本溪新城,本溪
博兴,滨州
八仙筒,通辽
白音察干,乌兰察布
宝应,扬州
白音华南,兴安
白音胡硕,兴安
白银市,白银
霸州北,廊坊
霸州,廊坊
霸州西,廊坊
长安,东莞
长安西,东莞
赤壁北,咸宁
承德县北,承德
城固北,汉中
长葛,许昌
查干湖,松原
崔黄口,天津
蔡家沟,松原
成吉思汗,呼伦贝尔
陈江南,惠州
蔡家坡,宝鸡
昌乐,潍坊
茶陵南,株洲
长宁,宜宾
常平,东莞
常平南,东莞
长箐,六盘水
长寿湖,长寿
磁山,邯郸
常山,衢州
常熟,苏州
楚山,牡丹江
长山屯,松原
岑溪,梧州
长兴,湖州
磁窑,泰安
城阳,青岛
昌邑,潍坊
朝阳镇,通化
陈庄,蒲城
曹子里,天津
长治南,长治
城子坦,大连
都安,河池
大安,白城
德安,九江
德保,百色
到保,白城
电白,茂名
大板,赤峰
东边井,绥化
大厂,廊坊
都昌,九江
东城南,东莞
德昌西,西昌
东戴河,葫芦岛
东二道河,佳木斯
杜尔伯特,大庆
大方,毕节
东丰,辽源
东莞港,东莞
大港南,镇江
东光,沧州
东海,鸡西
东花园北,张家口
鼎湖东,肇庆
鼎湖山,肇庆
东海县,连云港
丹江口,十堰
董家口,青岛
大口屯,天津
东来,通辽
大林,通辽
带岭,伊春
达拉特西,鄂尔多斯
大朗镇,东莞
德清,湖州
德清西,湖州
东胜东,鄂尔多斯
登沙河,大连
砀山,宿州
大石头南,延边
大石寨,兴安
灯塔,辽阳
定陶,菏泽
东台,盐城
当涂东,马鞍山
丹徒,镇江
大旺,肇庆
低窝铺,玉门
德兴东,上饶
德兴,上饶
代县,忻州
大雁,呼伦贝尔
丹阳北,镇江
定远,滁州
岱岳,朔州
大余,赣州
大营镇,衡水
道州,永州
东镇,运城
端州,肇庆
大足南,大足
峨边南,乐山
二道湾,齐齐哈尔
二龙山屯,黑河
额敏,塔城
恩平,江门
峨山,峨山
福安,宁德
丰城东,宜春
凤城东,丹东
富川,贺州
丰城,宜春
方城,南阳
繁昌西,芜湖
扶沟南,周口
富海,齐齐哈尔
凤凰古城,吉首
福海西,深圳
奉节,奉节
枫林,黄石
福利屯,双鸭山
丰乐镇,双鸭山
阜南,阜阳
抚宁,秦皇岛
阜宁南,盐城
富平,富平
佛坪,汉中
芙蓉镇,吉首
丰顺东,梅州
复盛,江津
繁峙,忻州
扶绥南,崇左
福山镇,澄迈
凤台南,淮南
费县北,临沂
富县东,延安
费县,临沂
汾阳,吕梁
富源北,曲靖
扶余,松原
抚州东,抚州
固安东,廊坊
固安,廊坊
高碑店东,保定
高碑店,保定
沟帮子,锦州
谷城北,襄阳
古城东,亳州
恭城,桂林
谷城,襄阳
贵定北,都匀
广德,宣城
贵定,都匀
广德南,宣城
葛店南,鄂州
贵定县,都匀
贡嘎,贡嘎
葛根庙,兴安
广汉北,德阳
甘河,呼伦贝尔
个旧,个旧
古浪,武威
橄榄坝,景洪
关岭,安顺
关林,洛阳
甘洛南,西昌
桂林西,桂林
高密北,潍坊
光明城,深圳
高密,潍坊
灌南,连云港
广宁,肇庆
高平东,晋城
高坪,恩施
广平,邯郸
高平,晋城
甘泉北,延安
甘旗卡,通辽
赶水东,綦江
光山,信阳
高台,张掖
古田北,宁德
高台南,张掖
赣县北,赣州
贵溪,鹰潭
涡阳,亳州
高邮北,扬州
观音机场,徐州
高邮,扬州
灌云,连云港
古镇,中山
虢镇,宝鸡
盖州,营口
瓜州,酒泉
固镇,蚌埠
冠豸山南,龙岩
古丈西,吉首
海安,南通
怀安,张家口
惠安,泉州
惠安堡,吴忠
淮北北,淮北
鹤壁东,鹤壁
海北,绥化
鹤壁,鹤壁
会昌北,赣州
寒葱沟,佳木斯
河唇,湛江
汉川,孝感
红岛,青岛
横道河子东,牡丹江
化德,乌兰察布
河东里,酒泉
海东,海东
洪洞,临汾
海东西,海东
横峰,上饶
横沟桥东,咸宁
黄冈西,黄冈
洪河,佳木斯
惠环,惠州
花湖,黄石
厚街,东莞
涵江,莆田
获嘉,新乡
黄口,宿州
湖口,九江
怀来,张家口
海林北,牡丹江
浩良河,伊春
黄流,乐东
鹤立,佳木斯
哈拉苏,呼伦贝尔
虎门北,东莞
虎门东,东莞
黄梅,黄冈
虎门,东莞
洪梅,东莞
桦南东,桦南
化念,峨山
海宁,嘉兴
怀宁,安庆
惠农,石嘴山
和平北,河源
合浦,北海
横琴北,珠海
霍邱,六安
横琴,珠海
华容东,鄂州
怀仁,朔州
红寺堡北,吴忠
黑山北,锦州
黄石北,黄石
贺胜桥东,咸宁
汉寿,常德
衡山,衡阳
惠山,无锡
红山,伊春
汉寿南,常德
含山南,马鞍山
衡山西,衡阳
荷塘,湘潭
黑台,鸡西
黄桶北,安顺
徽县,陇南
红星,伊春
红兴隆,双鸭山
换新天,佳木斯
滑浚,安阳
海晏,海北州
红彦,呼伦贝尔
合阳北,渭南
河源北,河源
海阳北,烟台
汉阴,安康
花园口,大连
淮阳南,周口
花园,孝感
霍州东,临汾
黄州,黄冈
壶镇,丽水
化州,茂名
霍州,临汾
靖边,榆林
金宝屯,通辽
交城,吕梁
加查,加查
泾川,平凉
旌德,宣城
井店,邯郸
江都,扬州
尖峰,乐东
江华,永州
建湖,盐城
纪家沟,承德
锦界,榆林
金口河南,乐山
将乐,三明
江门东,江门
角美,漳州
莒南,临沂
莒南北,临沂
济宁北,济宁
济宁东,济宁
建宁南,建宁
建瓯东,南平
建瓯,南平
建瓯西,南平
金普,大连
建桥,梅州
江桥,齐齐哈尔
句容西,镇江
九三,黑河
建始,恩施
建水,蒙自
稷山,运城
京山,荆门
嘉善,嘉兴
嘉善南,嘉兴
吉水西,吉安
景泰,白银
金塔,酒泉
吉文,呼伦贝尔
嘉祥北,济宁
泾县,宣城
莒县,日照
嘉祥,济宁
郏县,平顶山
揭阳,揭阳
建阳,南平
姜堰,泰州
江油北,绵阳
巨野北,菏泽
揭阳机场,揭阳
江永,永州
靖远,白银
缙云,丽水
济源,济源
金月湾,东方
缙云西,丽水
胶州北,青岛
晋中,晋中
靖州,怀化
景州,衡水
胶州,青岛
克东,齐齐哈尔
昆都仑召,包头
开江,达州
喀喇其,呼伦贝尔
开平南,江门
葵潭,揭阳
克一河,呼伦贝尔
开远南,蒙自
昆玉,和田
冷坝,六盘水
来宾,来宾
灵璧,宿州
寮步,东莞
洛川东,延安
罗城,河池
乐昌,韶关
黎城,长治
临城,邢台
蓝村,青岛
乐东,乐东
林东,赤峰
乐都,海东
来凤,恩施
龙丰,惠州
禄丰南,楚雄
临高南,临高
临海,台州
拉哈,齐齐哈尔
滦河,唐山
临海南,台州
凌海南,锦州
六合镇,齐齐哈尔
罗江东,德阳
廉江,湛江
两家,白城
李家,黑河
龙江,齐齐哈尔
莲江口,佳木斯
利津南,东营
厉家寨,临沂
林口南,林口
路口铺,岳阳
老莱,齐齐哈尔
龙里北,都匀
沥林北,惠州
兰陵北,临沂
醴陵东,株洲
临澧,常德
零陵,永州
陆良,曲靖
卢龙,秦皇岛
芦庙,亳州
龙南,赣州
龙南东,赣州
六盘水东,六盘水
乐平市,景德镇
临清,聊城
礼泉南,咸阳
龙泉市,丽水
临泉,阜阳
乐山北,乐山
冷水江东,娄底
灵石,晋中
罗山,信阳
涟水,淮安
龙市,吉安
梁山,济宁
鲁山,平顶山
娄山关南,遵义
龙山镇,漳州
梨树镇,鸡西
轮台,库尔勒
龙塘镇,清远
灵武,灵武
岚县,吕梁
朗县,朗县
临湘,岳阳
滦县,唐山
林西,赤峰
朗乡,伊春
郎溪南,宣城
莱西南,青岛
莱阳,烟台
临沂东,临沂
临邑,德州
临颍,漯河
龙游南,衢州
龙游,衢州
鹿寨北,柳州
临淄北,淄博
临泽,张掖
雷州,湛江
六枝南,六盘水
临泽南,张掖
马鞍山,马鞍山
明城,吉林
毛陈,孝感
渑池,三门峡
明港东,信阳
墨江,墨江
马兰,库尔勒
汨罗东,岳阳
民乐,张掖
米林,米林
茂林,四平
汨罗,岳阳
牟平,烟台
民权北,商丘
眉山,眉山
明水河,兴安
蒙山,临沂
马山县,南宁
马踏,茂名
眉县东,宝鸡
美溪,伊春
麻阳,怀化
米易东,攀枝花
麻阳西,怀化
米脂,榆林
明珠,珠海
牛车河,常德
宁城,赤峰
宁都,赣州
宁洱,宁洱
南芬北,本溪
宁国,宣城
南华,楚雄
宁化,三明
内黄,安阳
内江东,内江
南靖,漳州
南江口,云浮
南朗,中山
南陵,芜湖
尼勒克,伊宁
南堡北,唐山
南头,中山
泥溪,宜宾
宁县,庆阳
内乡,南阳
宁乡西,长沙
娘子关,阳泉
南漳,襄阳
南召,南阳
南杂木,抚顺
蓬安,南充
磐安南,金华
普安县,兴义
平安驿,海东
屏边,蒙自
平坝南,安顺
普定,安顺
平果,百色
平湖,深圳
皮口,大连
屏南,宁德
平南南,贵港
朋普,蒙自
彭山北,眉山
彭山,眉山
彭水,彭水
屏山,宜宾
平台,白城
蓬溪,遂宁
平遥,晋中
平洋,齐齐哈尔
鄱阳北,九江
平邑,临沂
平原,德州
邳州东,徐州
平庄,赤峰
泡子,阜新
乾安,松原
迁安,唐山
秦安,天水
庆城,庆阳
蕲春南,蕲春
青岛机场,青岛
祁东,衡阳
青堆,大连
曲阜南,济宁
清河门北,阜新
齐河,德州
潜江,潜江
曲江,蒙自
全椒,滁州
秦家,绥化
清涧县,榆林
秦岭,宝鸡
青莲,绵阳
清水北,酒泉
青神,眉山
岐山,宝鸡
前山,珠海
确山,驻马店
清水,酒泉
清水县,天水
戚墅堰,常州
青田,丽水
犍为,乐山
祁县东,晋中
黔西,毕节
祁县,晋中
乾县,咸阳
青县,沧州
祁阳,永州
清原,抚顺
青州市北,潍坊
曲子,庆阳
青州市,潍坊
棋子湾,昌江
瑞昌,九江
瑞昌西,九江
如皋,南通
如皋南,南通
容桂,佛山
榕江,凯里
任丘,沧州
融水,柳州
乳山,威海
容县,玉林
饶阳,衡水
汝州,平顶山
施秉,凯里
石城东,赣州
商城,信阳
舒城,六安
遂昌,丽水
山城镇,通化
山丹,张掖
山丹马场,张掖
绥德,榆林
顺德,佛山
商都,乌兰察布
四道湾,赤峰
三都县,都匀
顺德学院,佛山
胜芳,廊坊
四方台,绥化
桑根达来,锡林郭勒
蜀河,安康
赛汗塔拉,锡林郭勒
四会,肇庆
三河县,廊坊
四合永,承德
畲江北,梅州
双吉,吉林
沙井西,深圳
疏勒河,酒泉
双辽,四平
石磷,鸡西
萨拉齐,包头
索伦,兴安
神木西,榆林
山南,山南
肃宁,沧州
神农架,神农架
苏尼特左旗,锡林郭勒
双牌,永州
遂平,驻马店
商丘东,商丘
沈丘,周口
商丘南,商丘
桑日,桑日
狮山北,佛山
三水北,佛山
松山湖北,东莞
狮山,佛山
泗水,济宁
山市,牡丹江
三水南,佛山
泗水南,济宁
双水镇,江门
石梯,达川
沙湾南,乐山
沙湾市,塔城
孙吴,黑河
歙县北,黄山
遂溪,湛江
寿县,淮南
始兴,韶关
随县,随州
歙县,黄山
泗县,宿州
水茜,三明
泗阳,宿迁
沭阳,宿迁
松阳,丽水
三阳,黄山
射阳,盐城
双洋,龙岩
绥阳,牡丹江
邵阳北,邵阳
山阴,朔州
上虞南,绍兴
三源浦,通化
三原,咸阳
上虞,绍兴
邵阳西,邵阳
绥中北,葫芦岛
深圳机场北,深圳
嵊州北,绍兴
神州,万宁
桑植,张家界
深州,衡水
松滋,荆州
十字门,珠海
师宗,曲靖
苏州园区,苏州
苏州新区,苏州
台安,鞍山
桐柏,南阳
太仓,苏州
桃村北,烟台
桐城东,安庆
郯城,临沂
桐城,安庆
桐城南,安庆
太仓南,苏州
桃村,烟台
田东北,百色
太谷东,晋中
土贵乌拉,乌兰察布
太谷西,晋中
太和北,阜阳
太和东,阜阳
唐河,南阳
唐海南,唐山
通化县,通化
谭家井,武威
唐家湾,珠海
铜陵北,铜陵
吐列毛杜,兴安
图里河,呼伦贝尔
天门,天门
太姥山,宁德
洮南,白城
太平川,松原
太平镇,双鸭山
台前,濮阳
图强,加格达奇
甜水堡,庆阳
台山,江门
桃山,伊春
唐山西,唐山
天台山,台州
通渭,定西
田心东,株洲
藤县,梧州
同心,吴忠
桐乡,嘉兴
田阳,百色
汤阴,安阳
桃源,常德
汤原,佳木斯
通远堡西,丹东
滕州,枣庄
天镇,大同
天祝,武威
天柱山,安庆
武安,邯郸
万安县,吉安
吴堡,榆林
五叉沟,兴安
吴川,湛江
温春,牡丹江
五大连池,黑河
文登东,威海
文登,威海
文地,玉林
武当山西,十堰
乌尔旗汗,呼伦贝尔
潍坊北,潍坊
五府山,上饶
王府,松原
威海北,威海
芜湖北,芜湖
芜湖南,芜湖
卫辉南,新乡
卫辉,新乡
乌兰,海西州
五龙背东,丹东
五莲,日照
望牛墩,东莞
乌奴耳,呼伦贝尔
万宁,万宁
万年,景德镇
吴桥,沧州
巫山,巫山
文水,吕梁
巍山,大理
武山,天水
五台山,忻州
无为,芜湖
瓦屋山,常州
武乡东,长治
威信,昭通
武乡,长治
闻喜,运城
卫星,鸡西
无锡新区,无锡
武义北,金华
武义,金华
五原,巴彦淖尔
韦庄,渭南
武陟,焦作
湾沚南,芜湖
新安县,洛阳
许昌北,许昌
项城,周口
兴城西,葫芦岛
下城子,牡丹江
西渡,衡阳
喜德西,西昌
襄汾,临汾
信丰,赣州
襄汾西,临汾
信丰西,赣州
新干,吉安
孝感,孝感
新干东,吉安
兴国西,赣州
夏格庄,青岛
宣化北,张家口
西湖东,惠州
新和,阿克苏
香河,廊坊
新华屯,大庆
新化,娄底
宣化,张家口
西华,周口
小河镇,安康
徐家店,烟台
峡江,吉安
新绛,运城
仙居南,台州
许家屯,大连
兴凯,鸡西
小榄,中山
香兰,佳木斯
西柳,鞍山
西林,伊春
新林,加格达奇
新立屯,锦州
兴隆县西,承德
西麻山,鸡西
咸宁北,咸宁
兴宁,梅州
咸宁,咸宁
兴平,咸阳
西平,驻马店
西平西,东莞
新青,伊春
浠水,浠水
徐水,保定
浠水南,浠水
杏树屯,大连
响水县,盐城
邢台,邢台
湘潭北,湘潭
仙桃西,仙桃
下台子,承德
小湾东,南涧
徐闻,湛江
西乌旗,兴安
修武西,焦作
新县,信阳
息县,信阳
湘乡,湘潭
萧县,宿州
新乡南,新乡
旬阳北,安康
咸阳北,咸阳
襄垣东,长治
兴业,玉林
新沂,徐州
新沂南,徐州
仙游,莆田
小扬气,加格达奇
襄垣,长治
夏邑县,商丘
新友谊,双鸭山
西哲里木,兴安
永安乡,鸡西
盐边,攀枝花
永城北,商丘
禹城东,德州
盐城大丰,盐城
盐池,吴忠
应城,孝感
宜城,襄阳
郓城,菏泽
晏城,德州
禹城,德州
阳澄湖,苏州
迎春,鸡西
虞城县,商丘
于都北,于都
英德,清远
云东海,佛山
永定,龙岩
阳东,阳江
永福南,桂林
阳高,大同
杨岗,鸡西
阳高南,大同
阳谷,聊城
友好,伊春
洋河,宿迁
元江,元江
余江,鹰潭
银浪,大庆
伊拉哈,黑河
鄢陵,许昌
义马,三门峡
云梦,孝感
沂南,临沂
云南驿,大理
银瓶,东莞
乐清东,温州
永庆,延边
杨桥,邵阳
永仁,楚雄
颍上北,阜阳
野三关,恩施
阳朔,桂林
云山,惠州
沂水,临沂
颍上,阜阳
偃师,洛阳
月山,焦作
雁石南,龙岩
榆社西,晋中
永寿西,咸阳
鹰手营子,承德
源潭,清远
玉田南,唐山
伊通,四平
烟筒屯,大庆
野象谷,景洪
阳西,阳江
云县,临沧
阳信,滨州
应县,朔州
攸县,株洲
永修,九江
攸县南,株洲
洋县西,汉中
云阳,云阳
酉阳,酉阳
弋阳,上饶
余姚,宁波
余姚北,宁波
阳邑,邯郸
杨源,三明
宜州,河池
银盏,清远
耀州,铜川
禹州,许昌
镇安,商洛
子长,延安
枝城,宜昌
邹城,济宁
诸城,潍坊
肇东,绥化
准格尔,鄂尔多斯
赵光,黑河
政和,南平
枝江北,宜昌
朱家沟,牡丹江
仲恺,惠州
珠琳,文山
扎鲁特,通辽
樟木头东,东莞
樟木头,东莞
扎囊,扎囊
中宁东,中卫
中宁,中卫
周宁,宁德
邹平,滨州
镇平,南阳
漳浦,漳州
张桥,渭南
枣强,衡水
庄桥,宁波
朱日和,锡林郭勒
中山北,中山
樟树东,宜春
昭山,湘潭
钟山西,贺州
支提山,宁德
张维屯,绥化
彰武,阜新
漳县,定西
镇西,白城
钟祥,荆门
正镶白旗,锡林郭勒
遵义南,遵义
竹园,蒙自
枣庄东,枣庄
卓资东,乌兰察布
子洲,榆林
涿州,保定
安溪东,泉州
保山,保山
北滩,白银
白银南,白银
茶卡,海西州
德化,泉州
独山东,都匀
大田北,三明
富阳西,杭州
古路,重庆
黄水,石柱县
杭州西,杭州
江北机场,重庆
靖远北,白银
绛帐,宝鸡
荔波,都匀
珞璜东,重庆
龙兴,重庆
明溪,三明
南安北,泉州
南彭,重庆
宁强,汉中
平川西,白银
秦王川,兰州
商洛北,商洛
水土,重庆
三元西,三明
统景,重庆
桐庐东,杭州
漾濞,漾濞
永春,泉州
银花,重庆
迎龙,重庆
永平县,永平
越西,西昌
扎罗木得,呼伦贝尔
二龙屯,兴安盟
哈日努拉,兴安盟
张台子,辽阳
雅鲁,呼伦贝尔
古城,齐齐哈尔
讷尔克气,呼伦贝尔
门达,白山
氡泉,白山
黄泥崴子,白山
四马架,佳木斯
凯北,鸡西
青水山,绥化
长发屯,佳木斯
申家店,佳木斯
扎音河,绥化
盘古,大兴安岭地区
岩山,呼伦贝尔
煤田,呼伦贝尔
牧原,呼伦贝尔
汇流河,呼伦贝尔
完工,呼伦贝尔
原林,牙克石
哈达阳,呼伦贝尔
哈力图,呼伦贝尔
恒地营,齐齐哈尔
鲁河,齐齐哈尔
虎尔虎拉,齐齐哈尔
柳毛,鸡西
连珠山,密山
舍伯吐,通辽
喇嘛山,呼伦贝尔
朱石寨,独山
星朗,独山
峰洞,黔南布依族苗族自治州
打羊,独山
学庄,黔南布依族苗族自治州
甲猫,黔南布依族苗族自治州
迤那,毕节
花土坡,毕节
柯柯,柯柯
饮马峡,大柴旦
乌图美仁,格尔木
金山卫,上海
春申,上海
亭林,上海
新桥,上海
车墩,上海
叶榭,上海
金山园区,上海
下仓,天津
上仓,天津
赛乌苏,锡林郭勒盟二连浩特
