Source,Target,Weight
观沙岭,八方山,2
洞井,湘府路,3
树木岭,香樟路,3
湘府路,香樟路,3
尖山,麓谷,3
田心东,大丰,3
谷山,八方山,3
尖山,谷山,3
红光镇,犀浦,3
东莞西,道滘,3
海口东,城西,3
深圳机场,深圳机场北,3
长安西,长安,3
东莞西,洪梅,3
花城街,花山镇,3
东莞西,望牛墩,3
龙丰,西湖东,3
樟木头东,银瓶,3
西平西,东城南,3
云山,西湖东,3
洞井,先锋,3
珠海北,唐家湾,3
观沙岭,谷山,3
横琴,横琴北,4
先锋,芙蓉南,4
长沙,树木岭,4
珠海长隆,横琴,4
横琴北,十字门,4
秀英,城西,4
谷山,麓谷,4
板塘,荷塘,4
中山,中山北,4
观沙岭,开福寺,4
大丰,株洲,4
观沙岭,尖山,4
三水北,狮山北,4
顺德,北滘,4
容桂,南头,4
寮步,松山湖北,4
松山湖北,大朗镇,4
常平南,大朗镇,4
常平东,常平南,4
惠环,陈江南,4
龙丰,惠环,4
八方山,尖山,4
四会,大旺,4
深圳机场北,福海西,4
福海西,沙井西,4
厚街,东莞港,4
中堂,望牛墩,4
西固,福利区,4
虎门北,虎门东,4
郫县西,郫县,4
步行街,彭州南,4
汤逊湖,庙山,4
狮山北,狮山,4
金阳,金阳南,4
湖潮东,芦官,4
党武,花溪大学城,4
云东海,大旺,4
离堆公园,迎宾路,4
党武,天河潭,4
狮岭,乐同,5
长流,秀英,5
清城,龙塘镇,5
小金口,云山,5
常平东,樟木头东,5
金阳,白云西,5
先锋,湘府路,5
寮步,东城南,5
金华镇,金阳南,5
花溪西,金华镇,5
银盏,龙塘镇,5
长沙,开福寺,5
厚街,虎门北,5
银瓶,沥林北,5
湖潮东,天河潭,5
暮云,芙蓉南,5
中堂,新塘南,5
花溪大学城,花溪南,5
鼎湖东,鼎湖山,5
鼎湖山,端州,5
深圳机场,福海西,5
花溪南,孟关,5
狮山,三水北,5
红光镇,郫县,5
古镇,小榄,5
安靖,犀浦,5
蒲江,朝阳湖,5
南头,小榄,5
汤逊湖,南湖东,5
新会,江门东,5
观沙岭,麓谷,5
昭山,荷塘,5
顺德,顺德学院,5
前山,明珠,5
八方山,开福寺,5
长安,沙井西,6
沥林北,陈江南,6
虎门东,长安西,6
孟关,双龙南,6
湘潭,板塘,6
金山园区,亭林,6
上海,上海西,6
花湖,黄石北,6
纸坊东,庙山,6
洪梅,东莞港,6
天河潭,芦官,6
亭林,叶榭,6
花溪大学城,天河潭,6
珠海,前山,6
花溪西,贵安,6
道滘,西平西,6
南朗,珠海北,6
株洲南,株洲,6
东莞西,中堂,6
白云西,白云北,6
白云西,金阳南,6
霍林郭勒,珠斯花,6
苏州园区,苏州,6
唐家湾,南朗,6
犀浦,郫县,6
彭州,步行街,6
深圳机场北,沙井西,6
白马北,内江东,6
郫县西,红光镇,6
党武,花溪南,6
常平南,松山湖北,6
贺胜桥东,山坡东,6
惠环,西湖东,6
崇州,羊马,6
开福寺,尖山,6
花都,乐同,6
白云机场北,花山镇,6
共青城,德安,6
新会,江门,6
江门东,古镇,6
咸阳西,咸阳,6
阳澄湖,昆山南,6
狮山,佛山西,6
四会,云东海,6
肇庆,端州,6
先锋,香樟路,6
胶州北,青岛机场,6
南翔北,上海西,6
威海,威海北,7
济宁北,济宁东,7
鼎湖东,四会,7
唐家湾,明珠,7
暮云,昭山,7
琼海,博鳌,7
沈阳,沈阳北,7
容桂,小榄,7
南朗,中山,7
天津,天津西,7
长沙,观沙岭,7
海口东,美兰,7
峨眉山,峨眉,7
广州南,北滘,7
云东海,三水北,7
尖峰,黄流,7
孝感东,毛陈,7
昭山,板塘,7
新津,新津南,7
贺胜桥东,横沟桥东,7
常平南,樟木头东,7
北滘,顺德学院,7
万宁,神州,7
寮步,西平西,7
黄冈西,华容东,7
淮南南,水家湖,7
贵阳东,洛湾三江,7
大冶北,黄石北,7
新都东,青白江东,7
苏州新区,苏州,7
春申,新桥,7
咸宁南,横沟桥东,7
长安,虎门东,7
樟木头,常平,7
珠海,十字门,7
诏安,饶平,7
佛山西,狮山北,7
无锡新区,无锡,7
长沙,八方山,7
温江,崇州,7
江门,江门东,7
暮云,先锋,7
绛帐,杨陵,7
大足南,荣昌北,7
虎门北,东莞港,7
绛帐,眉县东,7
车墩,叶榭,7
怀柔北,雁栖湖,7
新桥,车墩,7
登沙河,杏树屯,7
海宁西,临平南,7
中川机场,兰州新区,7
龙嘉,九台南,7
广汉北,青白江东,7
犀浦,郫县西,7
都江堰,青城山,7
狮岭,银盏,7
开福寺,麓谷,7
樟木头,东莞南,7
句容西,江宁,7
燕郊,大厂,7
长乐,长乐东,7
长乐南,长乐东,7
彭州,彭州南,7
芦官,贵安,7
党武,湖潮东,7
金阳,金华镇,7
济南,大明湖,7
贵安,湖潮东,7
礼泉南,乾县,7
孟关,花溪大学城,7
花溪西,金阳南,7
芙蓉南,洞井,7
三亚,亚龙湾,8
花城街,花都,8
长沙,谷山,8
新乡东,卫辉南,8
冠豸山,杨源,8
建湖,阜宁南,8
黄流,乐东,8
金华镇,贵安,8
当涂东,马鞍山东,8
海口,长流,8
毕节,大方,8
东莞西,西平西,8
密云,怀柔南,8
黄山北,歙县北,8
福田,深圳北,8
呼和浩特,呼和浩特东,8
广州南,顺德,8
峡江,新干东,8
武陟,修武西,8
福海西,长安,8
眉山东,彭山北,8
皮口,城子坦,8
凯北,卫星,8
西湖东,陈江南,8
无锡,惠山,8
丹阳,丹徒,8
彭山北,新津南,8
嘉兴南,嘉善南,8
花溪南,天河潭,8
明珠,珠海北,8
长山屯,查干湖,8
白云北,金阳,8
南京南,江宁,8
台山,开平南,8
灯塔,张台子,8
沙井西,长安西,8
长安西,虎门北,8
东莞港,东莞西,8
尚志南,一面坡北,8
南头,顺德学院,8
马鞍山东,江宁西,8
戚墅堰,常州,8
黄冈东,黄冈西,8
通州,乔庄东,8
北京,北京东,8
南湖东,庙山,8
建桥,丰顺东,8
汤逊湖,纸坊东,8
畲江北,建桥,8
大冶北,花湖,8
章丘南,雪野,8
鼎湖东,端州,8
城子坦,花园口,8
西湖东,小金口,8
龙山北,来凤,8
长箐,冷坝,8
南翔北,安亭北,8
桂林北,桂林西,8
大兴机场,固安东,8
泰州,姜堰,8
横沟桥东,山坡东,8
三亚,凤凰机场,8
河池西,环江,8
中山北,南朗,8
长寿湖,长寿北,8
杨陵,武功,8
亚布力西,苇河西,8
大邑,崇州,8
射阳,阜宁东,8
西来,蒲江,8
尖峰,金月湾,8
商洛,商洛北,8
邛崃,西来,8
角美,漳州,8
南靖,龙山镇,8
太阳升,立志,8
天津,天津北,8
新津,双流机场,9
杭州东,杭州南,9
滨海,塘沽,9
焦作,焦作西,9
阳新,白沙铺,9
延庆,八达岭长城,9
莱西,莱阳,9
安吉,广德南,9
惠阳,深圳坪山,9
白沙铺,大冶北,9
莱西,夏格庄,9
桐城南,桐城东,9
商丘,商丘东,9
湖州,长兴,9
平阳,瑞安,9
黄梅东,宿松东,9
磐安南,壶镇,9
安溪东,南安北,9
灌南,灌云,9
大邑,邛崃,9
丹徒,镇江,9
张家港,常熟,9
溧水,瓦屋山,9
杭州东,临平南,9
溧水,句容西,9
昭山,芙蓉南,9
喜德西,冕宁,9
水家湖,淮南东,9
长治东,长治南,9
海宁西,桐乡,9
滨海西,滨海北,9
阳澄湖,苏州,9
昆山南,苏州园区,9
随州南,随县,9
金山北,松江南,9
铜仁南,新晃西,9
淮南南,寿县,9
邹平,章丘北,9
仲恺,惠州北,9
成都南,成都东,9
深圳北,光明城,9
莒县,沂水,9
昆山南,安亭北,9
兴平,咸阳西,9
罗江东,德阳,9
即墨北,城阳,9
福州南,长乐,9
大庆东,安达,9
福鼎,太姥山,9
哈尔滨北,哈尔滨,9
玉田南,唐山西,9
揭阳机场,潮汕,9
洋县西,城固北,9
青莲,江油,9
齐齐哈尔,齐齐哈尔南,9
白洋淀,徐水东,9
庆盛,虎门,9
温岭,台州,9
中山北,小榄,9
顺德,容桂,9
平原东,禹城东,9
芜湖,芜湖北,9
江门东,小榄,9
朋普,竹园,9
青川,剑门关,9
泉州,惠安,9
德阳,广汉北,9
沈丘北,淮阳南,9
雅安,名山,9
太仓南,太仓,9
吉水西,吉安西,9
北京南,北京丰台,9
临高南,福山镇,9
林盛堡,苏家屯,9
平川西,靖远北,9
永川东,大足南,9
高碑店东,涿州东,9
寿县,凤台南,9
榆树屯,昂昂溪,9
东花园北,八达岭长城,9
井店,涉县,9
东花园北,怀来,9
平顶山西,郏县,9
东莞南,光明城,9
暮云,荷塘,9
仙林,南京,9
武汉东,南湖东,9
鼎湖山,四会,9
佛山西,三水北,9
大旺,三水北,9
鼎湖东,大旺,9
云东海,狮山北,9
鄂州,花湖,9
松山湖北,常平东,9
乐清,乐清东,9
嵊州北,上虞南,9
桃村北,海阳北,9
双龙南,花溪南,9
厚街,洪梅,9
花溪大学城,芦官,9
湖潮东,花溪大学城,9
百宜,南江,9
新塘南,东莞西,9
青州市北,临淄北,9
贵阳,贵阳北,9
金华镇,白云西,9
车墩,亭林,9
哈尔滨,哈尔滨西,9
灵武北,吴忠,9
长沙,尖山,9
桐庐东,桐庐,9
含山南,巢湖东,9
华容东,葛店南,9
香河,宝坻,10
福山镇,老城镇,10
宣化北,张家口,10
白沟,白洋淀,10
桂林北,桂林,10
珠海,明珠,10
苍南,平阳,10
小榄,中山,10
砀山南,永城北,10
珠海北,中山,10
安德,红光镇,10
文水,交城,10
广州东,广州,10
金山园区,金山卫,10
东港北,北井子,10
新郑机场,郑州航空港,10
大庆东,大庆西,10
永康南,缙云西,10
前山,唐家湾,10
许昌北,鄢陵,10
星朗,朱石寨,10
费县北,蒙山,10
威海,文登东,10
双流机场,成都南,10
高邮,高邮北,10
伊拉哈,九三,10
香河,大厂,10
田心东,暮云,10
烟台南,牟平,10
自贡,富顺,10
延平,延平西,10
敦化,大石头南,10
对青山,万乐,10
宁波,庄桥,10
龙南东,定南南,10
无锡东,苏州北,10
常平,东莞,10
南头,顺德,10
安匠,承德南,10
兰州,兰州西,10
芦庙,亳州南,10
六枝南,长箐,10
潜江,仙桃西,10
环县,曲子,10
六盘水东,冷坝,10
淮北,淮北北,10
帽儿山,平山,10
兴城西,葫芦岛北,10
顺德学院,小榄,10
鄢陵,扶沟南,10
河唇,廉江,10
峰洞,星朗,10
唐家湾,中山,10
涵江,莆田,10
周口东,西华,10
雄安,霸州北,10
双峰北,娄底南,10
咸宁南,贺胜桥东,10
襄阳,襄州,10
平遥古城,介休东,10
长春,长春西,10
金华南,武义北,10
南阳寨,黄河景区,10
芙蓉镇,古丈西,10
治江,城固,10
北京,北京南,10
田东北,田阳,10
嘉兴南,桐乡,10
如皋南,海安,10
安德,都江堰,10
禹州,长葛北,10
高平东,晋城东,10
吉首东,凤凰古城,10
宝坻南,宝坻,10
麻阳西,凤凰古城,10
周口东,淮阳南,10
醴陵东,萍乡北,10
银花,江北机场,10
潮阳,普宁,10
济宁北,嘉祥北,10
本溪,南芬北,10
十堰东,武当山西,10
界首南,临泉,10
霸州北,固安东,10
贵阳北,贵阳东,10
隆昌北,内江北,10
鄠邑,西安西,10
响水县,滨海港,10
南翔北,上海,10
青岛北,城阳,10
嘉祥北,巨野北,10
梧州南,藤县,10
哈尔滨,香坊,10
容桂,北滘,10
青神,眉山东,10
宝应,高邮北,10
桃山,铁力,10
长沙,麓谷,10
眉山,彭山,10
柘皋,巢湖东,10
潜山,安庆西,10
宣化北,下花园北,10
营山,蓬安,10
奎屯,乌苏,10
泾县,南陵,10
贵阳东,龙洞堡,10
盐城,盐城大丰,10
甲猫,独山,10
徐水东,保定东,10
歙县北,绩溪北,10
学庄,打羊,10
碾子山,鲁河,10
惠山,常州,10
肇庆,鼎湖山,10
苏州园区,苏州新区,10
牛栏山,顺义,10
自贡,白马北,10
枫林,瑞昌西,10
雁栖湖,怀柔,10
五龙背东,凤城东,10
葛店南,鄂州,10
戚墅堰,无锡,10
太原南,太原,10
军粮城北,塘沽,10
藁城南,石家庄东,10
天津南,天津西,10
丹东,五龙背东,10
双水镇,台山,10
武陟,黄河景区,10
郑州,南阳寨,10
安广,两家,10
嘉善南,金山北,10
曹妃甸东,唐海南,10
建宁南,建宁县北,10
孙家,香坊,10
祥云,云南驿,10
富平,阎良,10
庄里,富平,10
深圳机场北,长安,10
贵安,天河潭,10
陈江南,云山,10
松山湖北,西平西,10
金阳南,白云北,10
小岭,平山,10
贵阳,双龙南,10
贵安,金阳南,10
方正,得莫利,10
海口,老城镇,10
淄博北,邹平,10
朝天,宁强南,10
莱芜北,雪野,10
樟木头东,陈江南,10
平原东,德州东,10
张台子,辽阳,10
宜兴,溧阳,11
德兴,婺源,11
礼泉南,咸阳北,11
金华,金华南,11
蕲春南,浠水南,11
牡丹江,海林北,11
新沂南,邳州东,11
佛山西,三水南,11
昆山南,苏州北,11
临汾西,洪洞西,11
桐庐东,富阳西,11
阜阳西,太和东,11
太原南,晋中,11
成都东,新都东,11
南宁东,南宁,11
绍兴北,绍兴东,11
桐城东,庐江西,11
永川东,荣昌北,11
北海,合浦,11
绩溪北,旌德,11
秦皇岛,北戴河,11
临平南,桐乡,11
广德南,郎溪南,11
新都东,广汉北,11
苇河西,一面坡北,11
温州南,瑞安,11
西安北,西安西,11
太湖南,潜山,11
仙游,莆田,11
沈阳南,沈阳,11
晋江,泉州,11
辽阳,鞍山西,11
古城东,亳州南,11
平果,隆安东,11
昌邑,潍坊北,11
云梦东,安陆西,11
海阳北,莱阳,11
鄂州,黄石北,11
罗源,宁德,11
台州西,临海,11
板塘,暮云,11
龙游,衢州,11
云梦东,孝感东,11
潮汕,潮阳,11
台州西,温岭,11
得莫利,高楞,11
双龙湖,方正,11
芜湖南,芜湖,11
内黄,滑浚,11
即墨北,夏格庄,11
营口东,盖州西,11
江山,衢州,11
准格尔,托克托东,11
广安南,岳池,11
白沟,霸州西,11
三门县,临海,11
邹城,兖州,11
武穴北,黄梅东,11
上海西,安亭北,11
锦州北,凌海南,11
下花园北,怀来,11
丹阳北,常州北,11
永川东,璧山,11
溧阳,瓦屋山,11
温岭,雁荡山,11
承德南,承德县北,11
邵阳西,隆回,11
永康南,武义北,11
资阳北,简阳南,11
昆山南,苏州,11
修武西,焦作,11
丹阳,镇江,11
丹江口,谷城北,11
淮安东,涟水,11
嵊州北,嵊州新昌,11
吉林,双吉,11
樟树东,新干东,11
海安,如皋,11
合肥南,肥东,11
广州南,顺德学院,11
资中北,内江北,11
仲恺,东莞南,11
上虞南,绍兴北,11
禹城东,齐河,11
雁荡山,乐清东,11
乌鲁木齐,乌鲁木齐南,11
泸县,富顺,11
桐梓东,娄山关南,11
永寿西,乾县,11
包头,包头东,11
余姚北,绍兴东,11
清流,宁化,11
南京南,江宁西,11
河东机场,灵武北,11
丰顺东,揭阳,11
威信,镇雄,11
合肥南,长临河,11
祁县东,太谷西,11
河源东,博罗北,11
阳江,阳东,11
揭阳机场,揭阳,11
河源北,龙川西,11
四会,三水北,11
鼎湖山,大旺,11
大旺,狮山北,11
昌图西,开原西,11
马踏,电白,11
双龙南,花溪大学城,11
镇江南,丹阳北,11
瑞昌西,庐山,11
鼎湖东,云东海,11
贵阳北,白云北,11
云东海,狮山,11
蒲江,邛崃,11
纸坊东,山坡东,11
茂名,吴川,11
淄博北,临淄北,11
白云西,花溪西,11
怀柔南,顺义西,11
笔架山,丰乐镇,11
五府山,上饶,11
大兴机场,北京大兴,11
文登东,荣成,11
崇礼,太子城,11
界首南,沈丘北,11
沙坪坝,璧山,11
厉家寨,莒南北,11
宣城,湾沚南,11
共青城,永修,11
武昌,南湖东,11
厚街,东莞西,11
大连北,金州,11
蒙自,红河,11
下城子,穆棱,11
无锡新区,苏州,11
樟树东,丰城东,11
诏安,云霄,11
樟木头,平湖,11
闽清北,古田北,11
高邑,临城,11
古镇,江门,11
嘉峪关南,酒泉南,11
太平镇,四马架,11
乐山,峨眉,11
攸县南,安仁,11
西双版纳,野象谷,11
峰洞,打羊,11
汉中,城固北,11
马山县,都安,11
兰州西,福利区,11
新津,彭山北,11
雁石南,漳平西,11
麻尾,朱石寨,11
曲阜南,济宁东,11
横道河子东,海林北,11
郫县西,彭州南,11
昌乐,潍坊,11
繁昌西,芜湖南,11
长乐南,长乐,11
宾西北,宾州,11
哈达阳,哈力图,11
老莱,恒地营,11
青水山,二道湾,11
唐山西,唐山,11
高密北,胶州北,11
汤逊湖,武汉东,11
背荫河,拉林,11
南京南,句容西,11
历城,济南东,11
崖州,乐东,11
温春,宁安,11
临湘,路口铺,11
珠海北,前山,11
蔡家坡,虢镇,11
庐江西,舒城东,11
银滩,白马井,11
汾阳,文水,11
杨陵,眉县东,11
太仓南,安亭西,11
红岛,青岛机场,11
虎尔虎拉,富拉尔基,11
云霄,漳浦,11
新乡东,新乡南,11
武夷山北,南平市,12
都匀东,三都县,12
本溪,本溪新城,12
田心东,芙蓉南,12
溧水,江宁,12
宁德,福安,12
扶绥南,吴圩机场,12
鞍山西,海城西,12
宜兴,长兴,12
屏山,宜宾西,12
芷江,怀化南,12
周宁,支提山,12
舒城东,肥西,12
郁南,梧州南,12
滕州东,枣庄,12
北京北,清河,12
无为,铜陵北,12
睢宁,宿迁,12
遵义南,遵义,12
钢城,莱芜北,12
铜陵北,南陵,12
乐山,青神,12
荣昌北,隆昌北,12
长寿北,涪陵北,12
介休东,灵石东,12
阳新,枫林,12
大邑,西来,12
台州,临海,12
龙洞堡,龙里北,12
千岛湖,建德,12
肥西,合肥南,12
新津南,眉山东,12
南部,阆中,12
东台,盐城大丰,12
济南东,章丘北,12
盖州西,鲅鱼圈,12
宿松东,太湖南,12
吉安西,泰和,12
龙里北,贵定县,12
曲阜南,曲阜东,12
白银市,白银西,12
武穴北,蕲春南,12
大港南,丹徒,12
角美,厦门北,12
民权北,兰考南,12
绵阳,青莲,12
无锡,苏州新区,12
山海关,秦皇岛,12
惠东南,惠阳,12
玉山南,上饶,12
罗江东,绵阳,12
南通西,如皋南,12
自贡,内江东,12
三水南,肇庆东,12
三阳,绩溪北,12
西安北,咸阳西,12
无为,巢湖东,12
辽宁朝阳,北票,12
河源北,河源东,12
六盘水,六盘水东,12
长白山,永庆,12
襄汾西,侯马西,12
灵武,宁东,12
万安县,泰和,12
绍兴北,杭州南,12
兴平,咸阳,12
眉县东,蔡家坡,12
独山东,都匀东,12
喀左,牛河梁,12
湾沚南,芜湖南,12
畲江北,梅州西,12
杭州东,海宁西,12
汉口,天河机场,12
宝鸡南,岐山,12
兴国西,赣县北,12
益阳南,宁乡西,12
米脂,绥德,12
洛川东,富县东,12
普宁,葵潭,12
利津南,滨州,12
郑州东,绿博园,12
葵潭,陆丰,12
修文县,息烽,12
无锡新区,惠山,12
昌平,清河,12
鲘门,汕尾,12
福利屯,笔架山,12
天津,军粮城北,12
唐海南,南堡北,12
萧县北,淮北北,12
闻喜,东镇,12
茂名,电白,12
惠安,仙游,12
咸宁南,山坡东,12
江门,双水镇,12
进贤南,抚州东,12
清远,广州北,12
齐河,济南东,12
白奎堡,兴隆镇,12
潼关,孟塬,12
济宁东,嘉祥北,12
海东西,西宁,12
濮阳东,内黄,12
洛湾三江,百宜,12
虎门北,洪梅,12
成都西,温江,12
清涧县,子长,12
凌海南,锦州南,12
凤凰机场,崖州,12
南朗,明珠,12
银滩,临高南,12
唐家湾,中山北,12
烟筒山,明城,12
西华,扶沟南,12
珠海北,中山北,12
定南南,和平北,12
阳谷,台前,12
中山北,南头,12
嘉兴,嘉善,12
白泉,辽源,12
芙蓉南,荷塘,12
东莞南,常平,12
蓟州北,蓟州,12
泗水南,曲阜东,12
贵安,党武,12
庄河北,青堆,12
常山,开化,12
德兴东,婺源,12
畲江北,丰顺东,12
六枝南,黄桶北,12
新津南,双流机场,12
安德,犀浦,12
杏树屯,皮口,12
安顺西,黄桶北,12
皮口,花园口,12
安亭北,阳澄湖,12
黄冈西,葛店南,12
古路,水土,12
喇嘛山,巴林,12
贵安,金阳,12
湖州,德清,12
泗水南,蒙山,12
湘潭北,长沙南,12
南通,南通西,12
牙克石,汇流河,12
下仓,上仓,12
崔黄口,大口屯,12
丽水,缙云西,12
大孤山,北井子,12
秦王川,白银南,13
通州,北京东,13
德清,杭州西,13
榆社西,武乡,13
嘉兴南,金山北,13
济宁北,曲阜南,13
遵义,娄山关南,13
天镇,阳高南,13
明港东,信阳东,13
红河,开远南,13
汕尾,陆丰,13
岚山西,日照西,13
德清,杭州东,13
历城,章丘南,13
海安,东台,13
新化南,邵阳北,13
鄯善北,吐哈,13
广州南,庆盛,13
福州,福州南,13
建宁县北,泰宁,13
古城东,太和东,13
赤壁北,咸宁北,13
余姚北,庄桥,13
红安西,麻城北,13
东海县,连云港,13
临沂北,费县北,13
衡阳东,衡山西,13
宁城,建平,13
西安北,咸阳北,13
水家湖,寿县,13
杭州西,富阳西,13
神农架,兴山,13
保康县,神农架,13
浠水南,黄冈东,13
正定机场,石家庄,13
弋阳,横峰,13
青州市,昌乐,13
延平,古田北,13
当涂东,芜湖,13
新桥,亭林,13
桐梓东,桐梓北,13
亭林,金山卫,13
驻马店,遂平,13
长宁,宜宾西,13
晏城,禹城,13
涵江,福清,13
永寿西,彬州东,13
乐山北,峨眉,13
灌南,涟水,13
天门南,仙桃西,13
菏泽东,庄寨,13
虎门,光明城,13
临沂北,莒南北,13
营口东,海城西,13
平南南,桂平,13
重庆西,珞璜南,13
资中北,资阳北,13
韶山南,湘潭北,13
德阳,青白江东,13
承德县北,平泉北,13
应县,山阴,13
平遥古城,祁县东,13
弋阳,鹰潭北,13
华容东,黄冈东,13
襄汾西,临汾西,13
武当山西,丹江口,13
淮南南,凤台南,13
威海北,牟平,13
赣州西,赣县北,13
宣城,郎溪南,13
萧县北,永城北,13
咸丰,来凤,13
博罗北,惠州北,13
抚州东,鹰潭北,13
高密北,青岛机场,13
罗源,连江,13
茂名西,茂名,13
黄石北,白沙铺,13
福州南,长乐东,13
合肥,合肥北城,13
辛集南,藁城南,13
顺德,小榄,13
容桂,中山北,13
许家屯,熊岳城,13
三明北,三明,13
通远堡西,凤城东,13
镇西,平台,13
金月湾,黄流,13
陵水,神州,13
棋子湾,东方,13
大安,长山屯,13
台州西,临海南,13
郏县,禹州,13
蓬溪,遂宁,13
邵阳,邵阳西,13
睢宁,观音机场,13
老城镇,长流,13
当涂东,江宁西,13
常平东,陈江南,13
昆山南,南翔北,13
南丰,南城,13
玉溪,峨山,13
绥芬河,绥阳,13
化念,峨山,13
凤台南,颍上北,13
大邑,温江,13
肇庆,鼎湖东,13
松溪,庆元,13
阜阳西,临泉,13
江山,玉山南,13
深圳,平湖,13
带岭,朗乡,13
贵阳北,洛湾三江,13
成都东,青白江东,13
武汉东,庙山,13
桐庐,富阳,13
恒地营,讷河,13
崔黄口,曹子里,13
广元,剑门关,13
兰州西,西固,13
海伦,东边井,13
青川,江油北,13
下仓,宝坻北,13
双城堡,五家,13
统景,龙兴,13
珞璜东,南彭,13
鼎湖山,云东海,13
四会,狮山北,13
端州,四会,13
贵安,花溪大学城,13
芦庙,商丘东,13
白云西,贵阳北,13
孟关,湖潮东,13
福安,霞浦,13
迎宾路,安德,13
安亭北,上海,13
莲江口,佳木斯,13
晋中,太谷西,13
郫县西,步行街,13
安亭北,上海虹桥,13
天津,武清,13
辽中,台安,13
宝林,楚山,13
丰乐镇,太平镇,13
庄里,耀州,13
阆中,苍溪,13
武功,兴平,13
洛川东,黄陵南,13
鲘门,惠东南,13
饶阳,肃宁,13
孙家,哈尔滨东,13
白洋淀,徐水,13
武功,绛帐,13
宝鸡,虢镇,13
先锋,田心东,13
江桥,大兴,13
峡江,吉水西,13
大兴机场,霸州北,13
宝坻南,北辰,13
乾县,咸阳北,14
长春,龙嘉,14
无锡,常州,14
胶州北,高密,14
巩义南,洛阳龙门,14
平度,昌邑,14
福田,香港西九龙,14
诸暨,义乌,14
庆阳,宁县,14
厉家寨,日照西,14
海东,海东西,14
武威南,武威,14
巴图营,辽宁朝阳,14
板塘,芙蓉南,14
鹤壁东,安阳东,14
和田,墨玉,14
彭山北,青神,14
常德,汉寿,14
夏格庄,莱阳,14
通北,海北,14
秦安,天水南,14
乌尔旗汗,煤田,14
临海,天台山,14
青堆,大孤山,14
宝坻北,大口屯,14
唐山,玉田南,14
合肥,肥东,14
磨憨,勐腊,14
东胜西,鄂尔多斯,14
北京,北京西,14
黔西,清镇西,14
庄河北,花园口,14
西双版纳,橄榄坝,14
铜陵北,铜陵,14
南通西,张家港,14
上海虹桥,松江南,14
安顺西,平坝南,14
长箐,六盘水东,14
铜陵,繁昌西,14
黄山北,绩溪北,14
方城,南阳东,14
漳平西,双洋,14
建德,桐庐,14
云阳,万州北,14
郫县西,都江堰,14
旌德,泾县,14
南芬北,通远堡西,14
开原西,铁岭西,14
文登东,威海北,14
卫辉南,滑浚,14
彭州南,郫县,14
福州南,福清,14
饶平,潮汕,14
原平西,忻州西,14
帽儿山西,尚志南,14
崇州,邛崃,14
襄垣东,长治东,14
西安,咸阳,14
运城北,闻喜西,14
南翔北,阳澄湖,14
苏州,无锡,14
周口东,沈丘北,14
邛崃,朝阳湖,14
安江东,怀化南,14
侯马西,闻喜西,14
会昌北,瑞金,14
泊头,东光,14
毛陈,天河机场,14
平房,周家,14
应县,怀仁东,14
山坡东,庙山,14
大冶北,阳新,14
峡江,樟树东,14
安匠,兴隆县西,14
宁陵县,民权,14
佛山西,云东海,14
楚雄,南华,14
广通北,楚雄,14
滨海港,阜宁东,14
安家,背荫河,14
松江南,嘉善南,14
天台山,嵊州新昌,14
襄阳东,枣阳,14
三元西,明溪,14
开阳,南江,14
重庆北,复盛,14
盐城,建湖,14
峨眉山,乐山,14
韶关,乐昌东,14
保康,茂林,14
牛家,周家,14
太姥山,霞浦,14
富拉尔基,昂昂溪,14
孙家,平房,14
甘泉北,富县东,14
合肥北城,水家湖,14
贵阳北,贵安,14
定州东,正定机场,14
钟山西,贺州,14
光山,潢川,14
盘州,普安县,14
德安,永修,14
怀柔,牛栏山,14
祁阳,祁东,14
丹阳,常州,14
大足南,隆昌北,14
江油北,江油,14
建瓯东,政和,14
杜尔伯特,大庆西,14
滨海,军粮城北,14
哈尔滨,王岗,14
松滋,枝城,14
大冶北,鄂州,14
张桥,陈庄,14
含山南,芜湖,14
涿州,高碑店,14
赶水东,綦江东,14
贵阳北,修文县,14
白云西,贵安,14
郑州东,郑州,14
三门县,宁海,14
晋中,太谷东,14
大营镇,枣强,14
保定东,白洋淀,14
公主岭南,四平东,14
小新街,杨林,14
泗阳,宿迁,14
北滩,平川西,14
无锡新区,苏州园区,14
广州南,容桂,14
小榄,南朗,14
哈尔滨,哈尔滨东,14
岐山,杨陵南,14
沙湾南,峨眉,14
庆城,曲子,14
小榄,北滘,14
中山,容桂,14
邵东,杨桥,14
邵阳,邵东,14
兰棱,双城堡,14
小榄,江门,14
太原南,榆次,14
金月湾,东方,14
博鳌,万宁,14
内江北,内江东,14
云浮东,南江口,14
淮滨,阜南,14
密云,顺义西,14
金口河南,峨边南,14
香河,燕郊,14
石家庄,石家庄东,14
弥勒,竹园,14
朋普,开远南,14
隆安东,南宁西,14
盘锦,盘锦北,14
确山,驻马店,14
南江口,郁南,14
德化,永春,14
中宁东,红寺堡北,14
庐江,舒城,14
樟木头,东莞,14
恩平,开平南,14
马踏,阳西,14
莱芜北,章丘南,14
新青,红星,14
新会,双水镇,14
桃村北,烟台南,14
密山,连珠山,14
杨岗,凯北,14
峡江,新干,14
黑台,永安乡,14
克山,古城,14
宏克力,依兰,14
侯马,新绛,15
东乡,余江,15
宜春,新余北,15
红兴隆,新友谊,15
永寿西,礼泉南,15
德州,吴桥,15
海城,西柳,15
安陆西,随州南,15
漳州,漳浦,15
尚志南,苇河西,15
乐清,温州南,15
桐城南,庐江西,15
富阳西,桐庐,15
亚布力西,一面坡北,15
都昌,湖口,15
沈阳,苏家屯,15
亚布力西,横道河子东,15
尚志,一面坡,15
兴山,巴东,15
商丘,民权北,15
苍南,福鼎,15
龙游,金华,15
淮安东,宝应,15
安顺西,关岭,15
哈尔滨西,哈尔滨北,15
长沙南,株洲西,15
海宁,嘉兴,15
信丰西,龙南东,15
长葛北,郑州航空港,15
鹤壁,汤阴,15
长葛,许昌,15
溧水,溧阳,15
乐山,犍为,15
新沂南,东海县,15
东莞南,惠州北,15
晋州,辛集,15
平凉南,平凉,15
石家庄,高邑西,15
宝泉岭,鹤北,15
南宁,吴圩机场,15
延吉西,图们北,15
巫山,巴东,15
赣县北,于都,15
建桥,揭阳,15
西华,淮阳南,15
嘉兴南,海宁西,15
扬州东,高邮,15
沈阳北,沈阳南,15
巢湖东,芜湖北,15
天门南,汉川,15
平遥,祁县,15
漳州,南靖,15
皮口,登沙河,15
武陟,焦作,15
连珠山,黑台,15
溧水,南京南,15
朱砂古镇,铜仁,15
永安乡,东海,15
鸡西西,林口南,15
平庄,宁城,15
冷坝,六枝南,15
辽阳,灯塔,15
齐河,济南西,15
高安,南昌西,15
扶沟南,许昌北,15
连云港,赣榆,15
菏泽,定陶,15
毛陈,云梦东,15
黄河景区,郑州,15
葛店南,花湖,15
武汉东,葛店南,15
纸坊东,贺胜桥东,15
淄博北,章丘北,15
丹阳,大港南,15
怀来,八达岭长城,15
德安,庐山,15
安吉,郎溪南,15
张维屯,四方台,15
建瓯西,南平市,15
建平,喀左,15
徐州东,观音机场,15
衡水北,辛集南,15
青州市北,淄博北,15
平潭,长乐南,15
三门峡南,灵宝西,15
成都东,双流机场,15
桐城东,安庆西,15
古田会址,龙岩,15
双洋,永安南,15
东安东,永州,15
鹰手营子,下台子,15
哈达铺,岷县,15
长治北,长治,15
重庆西,璧山,15
沈阳南,本溪新城,15
胜芳,天津西,15
扶余,陶赖昭,15
新民北,黑山北,15
统景,古路,15
虞城县,商丘,15
吉首东,古丈西,15
茶陵南,攸县南,15
双辽,金宝屯,15
彭州,郫县西,15
郫县,都江堰,15
雄安,固安东,15
安德,青城山,15
苍南,瑞安,15
泽普,莎车,15
德州东,禹城东,15
宝坻,玉田南,15
江永,道州,15
苏州园区,安亭北,15
青岛北,红岛,15
三穗,铜仁南,15
漯河,西平,15
鄂州,黄石,15
嘉善南,桐乡,15
济宁北,巨野北,15
珠海,唐家湾,15
银花,统景,15
资中北,隆昌北,15
明珠,中山,15
天津西,武清,15
阳江,阳西,15
长汀南,瑞金,15
蓟州北,上仓,15
先锋,长沙,15
贵阳,孟关,15
花都,清城,15
先锋,板塘,15
江北机场,重庆北,15
大安,两家,15
昆山南,上海西,15
朝天,广元,15
永康南,壶镇,15
遂昌,松阳,15
龙游南,遂昌,15
安陆,云梦,15
金阳,贵阳北,15
贵安,花溪南,15
南京南,仙林,15
瓦屋山,句容西,15
朝阳湖,名山,15
个旧,红河,15
安庆,安庆西,15
郫县西,迎宾路,15
春申,上海南,15
城阳,胶州北,15
开平南,双水镇,15
大旺,端州,15
保定,徐水,15
尖峰,乐东,15
羊马,成都西,15
常平南,西平西,15
前山,南朗,15
洮南,黑水,15
高邮,宝应,16
深圳北,东莞南,16
曲阜东,滕州东,16
安达,大庆西,16
灵石东,平遥古城,16
琼海,文昌,16
丹东,东港北,16
泸州,泸县,16
分宜,宜春,16
万宁,陵水,16
城子坦,杏树屯,16
遂宁,大英东,16
丰城,樟树,16
南京南,马鞍山东,16
唐山,滨海北,16
玉泉,小岭,16
香兰,浩良河,16
潮汕,揭阳,16
章丘,济南东,16
宜宾西,泥溪,16
西安北,渭南北,16
贵定县,都匀东,16
嵊州新昌,上虞南,16
高碑店东,保定东,16
阿城,玉泉,16
郑州东,郑州西,16
忻州西,阳曲西,16
开封北,兰考南,16
汤原,香兰,16
鹤壁东,新乡东,16
邢台东,邯郸东,16
石家庄,正定,16
美兰,文昌,16
许昌东,漯河西,16
兴文,长宁,16
双城北,哈尔滨西,16
金华,义乌,16
三明北,延平西,16
绵阳,江油,16
永安南,三明,16
衡水北,景州,16
景州,德州东,16
襄阳东,南漳,16
蚌埠南,淮南东,16
离堆公园,安德,16
成高子,阿城,16
宜兴,湖州,16
英德西,清远,16
帽儿山西,阿城北,16
平湖,常平,16
昆山南,无锡东,16
厦门北,漳州,16
綦江东,珞璜南,16
丹东,凤城东,16
庆阳,庆城,16
密云,兴隆县西,16
安吉,湖州,16
阜阳西,颍上北,16
邵阳北,娄底南,16
王岗,五家,16
蚌埠南,定远,16
镇江,大港南,16
济南,济南西,16
修文县,贵阳东,16
随县,枣阳,16
嵊州北,绍兴北,16
常州北,无锡东,16
晋城东,焦作西,16
乐清,雁荡山,16
灵宝西,华山北,16
榆社西,太谷东,16
下花园北,东花园北,16
双流机场,彭山北,16
霸州西,胜芳,16
延平,建瓯西,16
霍州东,灵石东,16
太湖南,安庆西,16
白马北,内江北,16
哈拉海,农安,16
野三关,高坪,16
扶余,蔡家沟,16
天津,滨海西,16
胶州,蓝村,16
清镇西,贵阳东,16
城阳,蓝村,16
萧县北,徐州东,16
青岛北,即墨北,16
潍坊北,青州市北,16
普者黑,珠琳,16
四方台,秦家,16
莱西,即墨北,16
驻马店西,明港东,16
辽阳,沈阳南,16
新晃西,芷江,16
桃村北,莱阳,16
广南县,珠琳,16
成都西,崇州,16
云霄,饶平,16
牧原,煤田,16
临高南,老城镇,16
南彭,迎龙,16
公主岭南,长春西,16
昌图西,四平东,16
三水北,鼎湖东,16
大连北,大连,16
青岛机场,高密,16
巩义南,郑州西,16
贵阳东,贵定北,16
淮阳南,界首南,16
长寿湖,垫江,16
常平东,惠环,16
永州,祁阳,16
珠海,珠海北,16
徐家店,桃村,16
华山北,渭南北,16
广州南,南头,16
夏格庄,城阳,16
东莞西,松山湖北,16
新津,成都南,16
水茜,宁化,16
嫩江,哈达阳,16
阳东,恩平,16
陈江南,常平南,16
邹平,济南东,16
顺义西,北京朝阳,16
鹰潭,贵溪,16
郑州航空港,许昌北,16
威海,牟平,16
哈尔滨北,肇东,16
贵阳北,龙洞堡,16
温州南,平阳,16
张家口,下花园北,16
佛山西,大旺,16
麻阳西,吉首东,16
方正,高楞,16
和平北,龙川西,16
武汉,葛店南,16
益阳南,汉寿,16
沙坪坝,永川东,16
张掖西,临泽南,16
佳木斯,长发屯,16
光明城,仲恺,16
榆中,定西北,16
汉中,治江,16
北京西,北京丰台,16
临泽南,高台南,16
朱砂古镇,铜仁南,16
白银南,靖远北,16
福州南,连江,16
昆山南,上海虹桥,16
毕节,镇雄,16
冠豸山南,古田会址,16
郑州西,郑州,16
武夷山北,五府山,16
宁乡西,尖山,16
扶余北,双城北,16
五常,安家,16
磁山,武安,16
延安,甘泉北,16
杭州,临平南,16
兴国西,万安县,16
德阳,新都东,16
梅州西,建桥,16
吕梁,柳林南,16
扶余北,德惠西,16
历城,雪野,16
吉水西,泰和,16
安亭西,太仓,16
河东机场,吴忠,16
黄梅东,太湖南,16
泥溪,犍为,16
鹰潭,余江,16
雁石南,龙岩,16
石林西,弥勒,16
沙河市,邢台,16
蒲江,名山,16
立志,新华屯,16
昆山南,苏州新区,16
盐边,攀枝花南,16
池州,铜陵,17
广州南,虎门,17
长治南,高平东,17
江华,江永,17
鞍山,辽阳,17
江都,扬州,17
肇庆,四会,17
曲靖北,富源北,17
周口东,扶沟南,17
安阳东,邯郸东,17
义乌,金华南,17
东海,鸡东,17
金寨,六安,17
镇江南,常州北,17
莱西,平度,17
荣成,威海,17
济南东,济南,17
潮汕,普宁,17
深圳北,深圳坪山,17
惠东南,深圳坪山,17
深圳北,虎门,17
安图西,大石头南,17
扬州东,大港南,17
黄冈东,葛店南,17
泾县,铜陵北,17
赣州西,信丰西,17
济南西,泰安,17
牛车河,桃源,17
桐乡,杭州东,17
固始,商城,17
松溪,政和,17
郑州东,郑州航空港,17
安庆,池州,17
长葛北,郏县,17
晋江,惠安,17
桑日,山南,17
西安北,鄠邑,17
新干东,丰城东,17
嘉祥,济宁,17
泉州,仙游,17
青岛,青岛北,17
绵阳,德阳,17
芜湖,马鞍山东,17
葫芦岛,兴城,17
郑州东,新郑机场,17
绥德,子洲,17
长春,九台南,17
贡嘎,扎囊,17
天河机场,孝感东,17
查干湖,大安,17
松原,查干湖,17
温江,成都南,17
安陆西,孝感东,17
萍乡北,宜春,17
拉林,牛家,17
滁州,南京南,17
长汀南,冠豸山南,17
长兴,德清,17
泰州,江都,17
鄱阳北,景德镇北,17
北京,北京丰台,17
亚布力,苇河,17
卫辉,新乡,17
上海西,安亭西,17
柳毛,石磷,17
锦州南,葫芦岛北,17
石磷,梨树镇,17
淮安东,泗阳,17
韶山南,娄底南,17
垫江,梁平南,17
汉中,洋县西,17
武陟,南阳寨,17
潼关,华山,17
巢湖东,肥东,17
庐山,黄梅东,17
平顶山西,禹州,17
上饶,弋阳,17
广州南,广州北,17
莱西,海阳北,17
厦门北,晋江,17
蔡家坡,绛帐,17
滁州,定远,17
寿县,颍上北,17
广通北,禄丰南,17
涵江,仙游,17
宁洱,普洱,17
泰宁,将乐,17
阜宁南,淮安东,17
于都,会昌北,17
都江堰,红光镇,17
白洋淀,霸州西,17
青州市,淄博,17
贵阳北,金阳南,17
凤台南,水家湖,17
宣化北,怀来,17
贵阳,花溪南,17
仙林,镇江,17
巴图营,锦州北,17
龙镇,五大连池,17
麓谷,宁乡西,17
登沙河,金州,17
南江,洛湾三江,17
常德,桃源,17
龙南东,和平北,17
宋城路,绿博园,17
江宁,瓦屋山,17
三门峡南,渑池南,17
滕州,枣庄西,17
西华,鄢陵,17
步行街,红光镇,17
大厂,宝坻,17
彭州南,红光镇,17
宜兴,瓦屋山,17
菏泽东,巨野北,17
大邑,蒲江,17
三阳,千岛湖,17
唐山,滦河,17
高楞,依兰,17
廊坊,天津南,17
天津,塘沽,17
曹妃甸港,唐海南,17
临泉,沈丘北,17
胜利镇,宾州,17
深州,饶阳,17
庙山,贺胜桥东,17
汉口,武昌,17
曹县,定陶,17
稷山,新绛,17
安阳,汤阴,17
临清,清河城,17
青岛西,董家口,17
迎宾路,郫县,17
洋县西,佛坪,17
荣昌北,内江北,17
上饶,德兴,17
定州东,保定东,17
中卫南,中宁东,17
银川,河东机场,17
溆浦南,新化南,17
耒阳西,衡阳东,17
江山,龙游,17
金华,武义北,17
光明城,庆盛,17
巨野,嘉祥,17
邢台东,高邑西,17
歙县北,旌德,17
介休东,祁县东,17
剑门关,江油北,17
商丘,芦庙,17
哈日努拉,二龙屯,17
盐城,射阳,17
缙云西,武义北,17
卓资东,乌兰察布,17
璧山,荣昌北,17
疏勒河,玉门,17
拉哈,六合镇,17
南宁东,南宁北,17
牙克石,大雁,17
大方,黔西,17
砀山南,商丘,17
遂平,西平,17
黑山北,阜新,17
武穴北,宿松东,17
牛河梁,平泉北,17
成都东,简阳南,17
临颍,许昌,17
平原东,齐河,17
阳新,黄石北,17
佛山西,广州南,17
崖州,三亚,17
万宁,琼海,17
灯塔,林盛堡,17
芦庙,古城东,17
吴堡,柳林南,17
亚龙湾,陵水,17
海晏,湟源,17
齐齐哈尔,榆树屯,17
盘锦北,凌海南,17
怀安,张家口,17
太原,晋中,17
安亭北,苏州,17
高兴,广安南,17
太谷,祁县,17
明珠,中山北,17
顺德学院,中山北,17
红寺堡北,吴忠,17
烟筒屯,杜尔伯特,17
平遥古城,太谷西,17
富阳,杭州南,17
胜利镇,双龙湖,17
鸡西西,七台河西,18
长沙南,汨罗东,18
嘉兴南,松江南,18
隆昌北,永川东,18
平潭,长乐东,18
峡江,吉安西,18
徐州东,枣庄,18
巩义,偃师,18
余姚北,绍兴北,18
南昌西,进贤南,18
河源东,龙川西,18
漯河西,驻马店西,18
潜山,宿松东,18
张家界西,桑植,18
信阳东,孝感北,18
香港西九龙,深圳北,18
兰州西,榆中,18
海安,姜堰,18
乐山,眉山东,18
盐城,东台,18
杭州东,绍兴北,18
吉水西,新干东,18
新化,冷水江东,18
三明北,尤溪,18
新乡东,滑浚,18
鲅鱼圈,营口东,18
昆明,昆明南,18
大连北,金普,18
诸暨,杭州南,18
杨柳青,静海,18
铁岭西,沈阳北,18
渑池南,洛阳龙门,18
赵光,李家,18
金山北,上海虹桥,18
复盛,长寿湖,18
河源北,博罗北,18
昆山南,上海,18
绥棱,张维屯,18
临平南,嘉兴南,18
平泉北,承德南,18
遵义南,息烽,18
赣榆,岚山西,18
金华南,永康南,18
广汉北,成都东,18
高密北,潍坊北,18
东戴河,秦皇岛,18
秦安,通渭,18
平南南,藤县,18
如皋南,南通,18
葛店南,黄石北,18
镇江南,南京南,18
咸阳西,杨陵南,18
邓州东,南阳东,18
洞口,隆回,18
濮阳东,滑浚,18
东台,如皋南,18
北戴河,滦河,18
弥勒,朋普,18
莱阳,莱西南,18
繁昌西,芜湖,18
竹园,开远南,18
高邮,江都,18
自贡,泸县,18
庐山,共青城,18
南通西,海安,18
乐清东,温岭,18
贵阳,龙里北,18
天津西,军粮城北,18
徐州东,宿州东,18
衢州,常山,18
沙湾南,峨边南,18
哈尔滨,新香坊北,18
桂平,贵港,18
牡丹江,横道河子东,18
沈丘,项城,18
玉门,低窝铺,18
焦作,月山,18
大孤山,东港北,18
商丘东,亳州南,18
太平川,敖力布告,18
台州西,雁荡山,18
保康县,南漳,18
内江北,资阳北,18
石家庄东,辛集南,18
玉山南,衢州,18
瑞昌西,阳新,18
零陵,双牌,18
贵阳东,龙里北,18
渭南北,大荔,18
晋中,祁县东,18
洪洞西,霍州东,18
龙洞堡,贵定县,18
温岭,临海,18
临汾,洪洞,18
赶水东,桐梓北,18
大足南,璧山,18
福田,光明城,18
浠水南,黄冈西,18
台州西,三门县,18
江门,台山,18
砀山南,萧县北,18
荆州,枝江北,18
上海西,阳澄湖,18
广州南,小榄,18
唐家湾,小榄,18
小榄,珠海北,18
阳曲西,太原,18
龙江,鲁河,18
武汉东,武昌,18
神州,博鳌,18
乌兰察布,兴和北,18
天镇,怀安,18
包头东,萨拉齐,18
兴和北,怀安,18
枫林,庐山,18
冠豸山南,冠豸山,18
永春,安溪东,18
十堰东,丹江口,18
杨陵,兴平,18
北京,通州,18
乔庄东,北京东,18
屏南,周宁,18
支提山,宁德,18
诏安,潮汕,18
曲阜东,济宁东,18
海城西,辽阳,18
宣城,广德南,18
盐城,阜宁南,18
潮阳,葵潭,18
丹徒,常州,18
无锡新区,常州,18
黑山寺,怀柔北,18
肇东,宋,18
纸坊东,武汉东,18
舒城东,桐城东,18
郑州东,新乡南,18
邹平,临淄北,18
松原,王府,18
北流,玉林,18
歙县北,三阳,18
奉节,巫山,18
容县,北流,18
温江,邛崃,18
西来,崇州,18
彭州,郫县,18
犀浦,都江堰,18
红光镇,迎宾路,18
离堆公园,郫县西,18
昌黎,北戴河,18
郫县西,青城山,18
黄水,石柱县,18
六盘水,冷坝,18
眉山东,新津,18
汉中,城固,18
延庆,昌平,18
西安,临潼,18
渭南,临潼,18
英吉沙,阿克陶,18
揭阳机场,丰顺东,18
东边井,绥棱,18
交城,汾阳,18
拉哈,青水山,18
海口,海口东,18
恩平,台山,18
犀浦,彭州南,18
李家,通北,18
前进镇,换新天,18
上饶,玉山,18
兰考,民权,18
襄垣东,武乡,19
恭城,阳朔,19
衡山西,株洲西,19
惠州北,河源东,19
太仓,常熟,19
武汉,汉口,19
临沂北,蒙山,19
合肥北城,淮南南,19
太原南,太谷西,19
运城北,永济北,19
温州南,青田,19
永济北,大荔,19
观沙岭,宁乡西,19
简阳南,资中北,19
福州,闽清北,19
襄汾西,洪洞西,19
福清,莆田,19
青田,丽水,19
戚墅堰,丹阳,19
巢湖东,芜湖,19
惠安,莆田,19
方城,平顶山西,19
上海虹桥,安亭西,19
泰安,曲阜东,19
西宁,大通西,19
芜湖,湾沚南,19
海城西,盖州西,19
北滩,靖远北,19
惠山,苏州,19
普宁,陆丰,19
石家庄,藁城南,19
亳州南,太和东,19
羊马,成都南,19
二连,赛乌苏,19
合肥南,舒城东,19
宜昌东,枝江北,19
分宜,新余,19
云阳,奉节,19
安图西,延吉西,19
杭州,海宁西,19
余姚北,宁波,19
永康南,丽水,19
南陵,旌德,19
溧阳,长兴,19
上海虹桥,上海西,19
射阳,滨海港,19
昭通,花土坡,19
万安县,吉安西,19
漳州,龙山镇,19
遂溪,廉江,19
开原,铁岭,19
将乐,三明北,19
南丰,建宁县北,19
抚州,南城,19
杭州,德清,19
南陵,无为,19
苍南,太姥山,19
白城,到保,19
临汾,襄汾,19
肃宁,任丘,19
海宁西,嘉善南,19
雄安,大兴机场,19
广元,青川,19
承德南,兴隆县西,19
涪陵北,丰都,19
昆山,苏州,19
昆山南,无锡新区,19
涟水,灌云,19
三穗,新晃西,19
青莲,江油北,19
定边,盐池,19
宾阳,贵港,19
燕郊,宝坻,19
罗源,福安,19
新桥,上海南,19
丽江,鹤庆,19
辽宁朝阳,喀左,19
福鼎,霞浦,19
胶州北,即墨北,19
鄂尔多斯,东胜东,19
郑州东,新乡东,19
廊坊,天津西,19
滨海西,天津西,19
泗水南,费县北,19
青白江东,罗江东,19
界首南,阜阳西,19
西安北,礼泉南,19
东莞南,东莞,19
珠海,南朗,19
南朗,容桂,19
安陆西,随县,19
武当山西,谷城北,19
茂名,马踏,19
尖峰,东方,19
博鳌,文昌,19
台州,天台山,19
章丘南,济南东,19
八达岭长城,清河,19
沙湾市,石河子,19
佛山西,广州,19
肇庆,大旺,19
四会,佛山西,19
狮山,鼎湖东,19
中山北,顺德,19
杨桥,西渡,19
泗水,曲阜,19
九江,瑞昌西,19
石柱县,丰都,19
岳阳东,汨罗东,19
熊岳城,盖州,19
桦南东,七台河西,19
犀浦,步行街,19
瓦房店西,鲅鱼圈,19
青城山,郫县,19
大足南,内江北,19
怀化南,麻阳西,19
新津南,成都南,19
商河,临邑,19
黄梅东,蕲春南,19
定南,龙南,19
花溪大学城,贵阳,19
贵阳北,清镇西,19
北滩,中卫南,19
哈力图,红彦,19
铁力,双丰,19
庄河北,城子坦,19
庐江西,肥西,19
弋阳,贵溪,19
前锋,东二道河,19
鸡东,鸡西,19
卫星,杨岗,19
海阳北,烟台南,19
垫江,长寿北,19
宁县,彬州东,19
贵阳北,平坝南,19
襄垣东,长治南,19
城子坦,登沙河,19
桐庐东,建德,19
杭州西,桐庐东,19
邯郸,沙河市,19
百色,田阳,19
浠水南,武穴北,19
一面坡北,帽儿山西,19
怀柔,密云北,19
绍兴东,杭州南,19
南翔北,苏州,19
通化,通化县,19
太子城,下花园北,19
八方山,宁乡西,19
镇安,柞水,19
长发屯,申家店,19
永修,南昌西,20
肇东,安达,20
宾阳,来宾北,20
南雄,始兴,20
芙蓉镇,吉首东,20
光明城,惠州北,20
大同南,阳高南,20
怀化南,溆浦南,20
全州南,兴安北,20
郑州东,开封北,20
西哲里木,吐列毛杜,20
威海北,烟台南,20
唐山,滨海西,20
庆城,环县,20
新民北,彰武,20
平果,田东北,20
合浦,钦州东,20
廊坊,北京南,20
泾县,绩溪北,20
尚志南,亚布力西,20
邵东,双峰北,20
小湾东,云县,20
湖州,广德南,20
阜阳西,古城东,20
延平,闽清北,20
仙居南,临海南,20
宝丰,鲁山,20
北京,北京朝阳,20
枣阳,随州南,20
营口东,鞍山西,20
隆回,邵阳,20
温州南,乐清东,20
安顺西,六枝南,20
泉州,南安北,20
南京南,全椒,20
贵阳北,贵定北,20
襄阳东,邓州东,20
明溪,清流,20
宣城,芜湖南,20
蕲春,浠水,20
仙桃,汉川,20
平安驿,乐都,20
包头,达拉特西,20
南京南,当涂东,20
耀州,铜川东,20
侯马西,临汾西,20
巢湖东,铜陵北,20
梅州西,丰顺东,20
昌平,东花园北,20
独山东,荔波,20
禹城东,济南东,20
昆明南,石林西,20
昌图,开原,20
青县,沧州,20
云浮东,肇庆东,20
青莲,罗江东,20
瓦房店,普兰店,20
彭泽,湖口,20
从江,榕江,20
佛山西,肇庆东,20
蚌埠南,水家湖,20
渭南,华州,20
昌图西,铁岭西,20
嘉峪关,酒泉,20
融安,融水,20
连云港,灌云,20
英德西,韶关,20
平庄,赤峰,20
黄山北,旌德,20
淮南东,合肥北城,20
台安,盘锦北,20
襄汾西,闻喜西,20
揭阳,畲江北,20
双流机场,眉山东,20
天门南,潜江,20
成都东,新津,20
息县,罗山,20
南通西,如皋,20
杏树屯,金州,20
句容西,溧阳,20
南京,镇江,20
漳浦,角美,20
氡泉,黄泥崴子,20
兴隆县西,怀柔南,20
嵩明,昆明南,20
南京南,瓦屋山,20
迎龙,龙兴,20
朝阳湖,大邑,20
日照西,董家口,20
雅安,朝阳湖,20
岷县,漳县,20
大明湖,章丘,20
铜仁南,芷江,20
本溪,通远堡西,20
荣成,威海北,20
曲阜南,蒙山,20
天津,滨海北,20
烟台,烟台南,20
迎宾路,犀浦,20
漳浦,诏安,20
徐水,高碑店,20
兴国西,赣州西,20
大安,安广,20
长山屯,松原,20
白沟,霸州,20
咸宁南,纸坊东,20
乌兰浩特,葛根庙,20
贵安,安顺西,20
禹州,郑州航空港,20
江山,上饶,20
贵阳北,金华镇,20
岳阳,路口铺,20
西固,兰州新区,20
甘洛南,金口河南,20
兴凯,杨岗,20
乐东,凤凰机场,20
大理,漾濞,20
萨拉齐,察素齐,20
郑州航空港,鄢陵,20
绥化,秦家,20
文昌,海口东,20
武汉东,华容东,20
琼海,神州,20
定南南,信丰西,20
建瓯西,延平西,20
柴河,朱家沟,20
白奎堡,康金井,20
横道河子东,苇河西,20
淮安东,灌南,20
双丰,庆安,20
吉文,甘河,20
莒县,沂南,20
北京,通州西,20
张家口,宣化,20
万乐,哈尔滨,20
安达,宋,20
神树,桃山,20
柘皋,合肥南,20
扶绥南,崇左南,20
日照西,莒南北,20
西宁,海东,20
蒙山,曲阜东,20
济宁北,曲阜东,20
学庄,独山,20
甘旗卡,彰武,20
苏家屯,灯塔,20
六合镇,讷河,20
厉家寨,临沂北,20
怀集,广宁,20
清河城,大营镇,20
蓟州,三河县,20
海安,盐城大丰,20
大石桥,盖州,20
彬州东,乾县,20
荔波,环江,20
南宁北,马山县,20
永安南,三元西,20
潜山,桐城东,20
藤县,郁南,20
张桥,蒲城东,20
威信,兴文,20
郎溪南,湾沚南,20
民和南,海东,20
贵阳东,南江,21
牡丹江,海林,21
衢州,金华,21
广宁,肇庆东,21
即墨北,莱阳,21
青州市,潍坊,21
无为,铜陵,21
万州北,梁平南,21
湖州,杭州东,21
潍坊北,临淄北,21
贵阳北,百宜,21
大理,祥云,21
永寿西,咸阳北,21
合肥南,巢湖东,21
遵义,桐梓东,21
淮南南,颍上北,21
黄山北,婺源,21
深圳北,庆盛,21
桐梓北,娄山关南,21
内黄,卫辉南,21
青岛机场,青岛北,21
灵璧,泗县,21
齐齐哈尔南,杜尔伯特,21
韶山南,长沙南,21
上海西,苏州园区,21
赤壁北,岳阳东,21
桃村北,莱西,21
阳西,电白,21
涿州东,保定东,21
宁德,连江,21
鹿寨北,永福南,21
徽县,两当,21
随州南,云梦东,21
吴忠,惠安堡,21
都昌,鄱阳北,21
安庆,桐城南,21
哈尔滨,肇东,21
四平东,开原西,21
扬州东,高邮北,21
衡水,枣强,21
郴州西,耒阳西,21
成都西,大邑,21
城阳,高密北,21
屏山,犍为,21
保定东,白沟,21
玉田县,蓟州,21
常熟,南通西,21
公主岭南,长春,21
淮安东,高邮北,21
唐山北,玉田县,21
海阳北,夏格庄,21
彭州,犀浦,21
郑州东,许昌东,21
牟平,桃村北,21
杭州东,富阳,21
韦庄,陈庄,21
陆丰,鲘门,21
大庆东,杜尔伯特,21
阳平关,宁强,21
北京南,武清,21
花园,孝感,21
石泉县,汉阴,21
霞浦,宁德,21
平遥,介休,21
太原,榆次,21
北京大兴,北京西,21
建湖,淮安东,21
江桥,平洋,21
惠东南,汕尾,21
汕尾,葵潭,21
安庆,潜山,21
峡江,丰城东,21
萧县,淮北,21
蔡家坡,杨陵,21
宝鸡,蔡家坡,21
惠阳,鲘门,21
华州,华山,21
武义,永康南,21
新沂,邳州东,21
香坊,平房,21
新干东,吉安西,21
绍兴北,嵊州新昌,21
吴桥,东光,21
龙市,炎陵,21
晋城东,焦作,21
玉林,兴业,21
喜德西,越西,21
米易东,盐边,21
绍兴,上虞,21
进贤南,鹰潭北,21
南通,海门,21
高安,新余北,21
平台,白城,21
乌兰浩特,镇西,21
怀宁,天柱山,21
湖口,九江,21
上海,阳澄湖,21
呼和浩特,察素齐,21
永登,天祝,21
开福寺,宁乡西,21
阳澄湖,上海虹桥,21
怀柔南,北京朝阳,21
叶城,泽普,21
天台山,嵊州北,21
观音机场,宿迁,21
迤那,花土坡,21
湛江,遂溪,21
宝坻,唐山西,21
固安,霸州,21
阜宁东,响水县,21
常州北,苏州北,21
太原,汾河,21
临城,元氏,21
南宁,南宁西,21
磁窑,泰山,21
平度,潍坊北,21
六盘水东,六枝南,21
牡丹江,温春,21
庄桥,绍兴东,21
建始,高坪,21
洞口,安江东,21
凤县,凤州,21
邳州东,东海县,21
桐乡,金山北,21
成都南,简阳南,21
铜陵,芜湖南,21
黄口,砀山,21
新肇,大安北,21
抚宁,卢龙,21
资中北,荣昌北,21
三亚,陵水,21
棋子湾,白马井,21
白马井,临高南,21
友好,伊春,21
武陟,郑州,21
天津西,杨村,21
太谷东,太原南,21
盘锦,海城西,21
修武西,黄河景区,21
清河,昌平北,21
成吉思汗,碾子山,21
伊拉哈,老莱,21
绥中北,葫芦岛北,21
北京丰台,涿州东,21
肇东,对青山,21
广州南,古镇,21
和硕,焉耆,21
上海虹桥,苏州北,21
顺德,中山,21
马兰,和硕,21
济南西,济南东,22
保康县,兴山,22
千岛湖,桐庐,22
武汉,鄂州,22
定州东,石家庄,22
济南东,淄博北,22
杭州西,湖州,22
诸暨,杭州东,22
郴州西,乐昌东,22
黔西,毕节,22
上饶,武夷山北,22
珲春,图们北,22
深圳北,惠阳,22
邳州东,徐州东,22
重庆西,永川东,22
商丘,兰考南,22
武汉,红安西,22
铁岭西,沈阳,22
醴陵东,长沙南,22
菏泽东,嘉祥北,22
溧水,宜兴,22
重庆北,重庆西,22
合肥,水家湖,22
长治东,高平东,22
桐乡,杭州,22
如皋南,张家港,22
临海,宁海,22
沧州西,天津南,22
临泉,淮阳南,22
内江东,资中北,22
桂林,永福南,22
平顶山西,长葛北,22
曲靖北,嵩明,22
霍州东,介休东,22
运城北,侯马西,22
沈阳,本溪新城,22
芜湖,江宁西,22
平度,莱阳,22
鄢陵,周口东,22
青州市北,邹平,22
金华南,龙游,22
九江,德安,22
上海,安亭西,22
淮北,萧县北,22
镇江,常州,22
成都东,资阳北,22
厦门,厦门北,22
河源北,和平北,22
苏州,上海西,22
宣城,安吉,22
沙坪坝,荣昌北,22
丹阳,惠山,22
内江北,永川东,22
昆山南,无锡,22
宿州东,蚌埠南,22
苏州,戚墅堰,22
宝鸡南,杨陵南,22
长宁,屏山,22
宁强南,广元,22
宿松东,庐山,22
内江北,自贡,22
西华,许昌北,22
周口东,界首南,22
汕头,潮汕,22
淮阳南,扶沟南,22
山海关,北戴河,22
青岛北,胶州北,22
阜新,北票,22
益阳南,麓谷,22
鞍山西,沈阳南,22
弋阳,抚州东,22
哈尔滨,双城北,22
亚布力西,海林北,22
白沙铺,鄂州,22
启东,海门,22
衢州,龙游南,22
兴国,于都北,22
绥化,兴隆镇,22
呼兰,康金井,22
哈尔滨东,呼兰,22
南昌,向塘,22
恩施,建始,22
景州,平原东,22
东乡,进贤,22
鄂州,武汉东,22
介休东,太谷西,22
东岔,天水南,22
玉溪,通海,22
三门峡西,三门峡,22
松江,嘉善,22
杨村,廊坊北,22
泗阳,洋河,22
崇州,成都南,22
雅安,蒲江,22
济南西,禹城东,22
吉安,泰和,22
天门,应城,22
京山,天门,22
元谋西,永仁,22
名山,西来,22
白银南,平川西,22
二道湾,富裕,22
蓬溪,南充,22
城阳,莱西,22
周口,项城,22
大田北,德化,22
高兴,广安,22
茂名西,化州,22
漳县,渭源,22
梧州南,南江口,22
广州东,新塘南,22
如东,栟茶,22
临泽,高台,22
即墨北,红岛,22
成高子,哈尔滨东,22
兰棱,扶余,22
敖力布告,宝龙山,22
稷山,河津,22
八达岭长城,下花园北,22
章丘北,临淄北,22
怀来,昌平,22
零陵,永州,22
成都南,彭山北,22
乐山,彭山北,22
从江,三江南,22
邹城,滕州,22
红光镇,青城山,22
重庆西,珞璜东,22
黄陵南,富县东,22
西固,兰州,22
成高子,香坊,22
双吉,龙嘉,22
泰州,海安,22
广安,渠县,22
平阳,福鼎,22
咸阳西,西安,22
海口东,老城镇,22
五棵树,陶赖昭,22
内乡,镇平,22
讷河,老莱,22
集宁南,土贵乌拉,22
华容东,武汉,22
深圳,樟木头,22
虢镇,眉县东,22
大理,巍山,22
黄河景区,焦作,22
哈尔滨,宾西北,22
咸阳,武功,22
香河,玉田南,22
庄河北,大孤山,22
义马,新安县,22
襄阳东,谷城北,22
滦县,昌黎,22
新干,樟树东,22
天津,滨海,22
玉溪,化念,22
化念,元江,22
红河,朋普,22
富裕,塔哈,22
旬阳北,小河镇,22
勉县,汉中,22
延平,三明北,22
河池西,都安,23
都安,南宁北,23
汉口,汉川,23
潼南,合川,23
全州南,东安东,23
德州,平原,23
漳州,云霄,23
苍南,温州南,23
德安,瑞昌西,23
兖州,济宁,23
衡水,深州,23
杭州西,桐庐,23
泰安,济南,23
杭州东,嘉兴南,23
丹阳北,无锡东,23
张家界西,芙蓉镇,23
上饶,婺源,23
泸州,富顺,23
商丘,亳州南,23
益阳南,尖山,23
开封北,民权北,23
永泰,莆田,23
安图西,敦化,23
威海,烟台南,23
珠海,中山,23
嘉善南,上海虹桥,23
湖州,溧阳,23
广汉北,绵阳,23
贵阳北,息烽,23
牛车河,张家界西,23
白沟,胜芳,23
曲阜东,枣庄,23
通州西,顺义,23
普安县,关岭,23
乌海西,乌海,23
长治南,晋城东,23
东岔,宝鸡南,23
山丹马场,民乐,23
江油,青川,23
商丘,永城北,23
济南,章丘,23
青岛西,红岛,23
长春西,德惠西,23
连云港,新沂南,23
祁县东,灵石东,23
彰武,泡子,23
西安北,乾县,23
辽阳,沈阳,23
怀仁东,大同南,23
绥中北,山海关,23
阳高,天镇,23
漳平西,龙岩,23
克东,北安,23
墨江,元江,23
哈尔滨,阿城北,23
成都东,新津南,23
黔西,白云北,23
盘州,富源北,23
门源,大通西,23
潜山,黄梅东,23
黄冈西,武汉东,23
纸坊东,武昌,23
章丘,淄博,23
满洲里,扎赉诺尔西,23
五大连池,二龙山屯,23
建瓯西,武夷山北,23
庄河北,皮口,23
广南县,富宁,23
涟水,宝应,23
开化,德兴东,23
北井子,青堆,23
北井子,丹东,23
黄州,浠水,23
双鸭山西,桦南东,23
太阳升,新肇,23
樟树东,吉水西,23
泗阳,睢宁,23
兴国西,泰和,23
长乐,平潭,23
仲恺,河源东,23
平山,玉泉,23
毕节,威信,23
神农架,巴东,23
醴陵东,宜春,23
高平东,焦作西,23
江宁,溧阳,23
璧山,隆昌北,23
枫林,大冶北,23
白沙铺,瑞昌西,23
德州东,齐河,23
五府山,南平市,23
深圳北,仲恺,23
汉中,宁强南,23
沙坪坝,大足南,23
获嘉,新乡,23
云南驿,南华,23
青城山,犀浦,23
江门,开平南,23
兰州新区,福利区,23
恩平,阳江,23
诸城,五莲,23
佛山西,鼎湖东,23
武山,陇西,23
东花园北,宣化北,23
德阳,成都东,23
佛坪,城固北,23
南充,蓬安,23
土溪,营山,23
苏州园区,上海,23
阳东,阳西,23
宁化,石城东,23
石城东,宁都,23
越西,甘洛南,23
田心东,长沙,23
蒲江,崇州,23
明珠,小榄,23
夏格庄,青岛北,23
中山,北滘,23
峨眉山,青神,23
南充北,蓬溪,23
西昌西,冕宁,23
聊城,阳谷,23
黄石,阳新,23
卫辉,鹤壁,23
苏州园区,上海虹桥,23
西安,兴平,23
西平,驻马店,23
新民北,沈阳北,23
扎囊,山南,23
犀浦,离堆公园,23
新化南,娄底南,23
建水,个旧,23
醴陵,萍乡,23
到保,安广,23
仙林,丹阳,23
武汉,咸宁北,24
广州南,清远,24
怀来,张家口,24
湛江西,吴川,24
东花园北,清河,24
重庆北,长寿北,24
德州东,济南西,24
衡阳东,西渡,24
沈阳南,本溪,24
灵宝,三门峡西,24
绩溪北,千岛湖,24
银川,灵武北,24
寿县,合肥北城,24
海林,山市,24
六安,合肥南,24
龙口市,蓬莱市,24
怀化南,新晃西,24
会昌北,长汀南,24
阜阳西,凤台南,24
郁南,云浮东,24
罗城,融水,24
平庄,建平,24
合肥北城,合肥南,24
全椒,肥东,24
武乡,太谷东,24
余姚,上虞,24
德清,安吉,24
龙里北,都匀东,24
喀左,平泉北,24
温岭,乐清,24
禹城,平原,24
清水县,张家川,24
贵阳北,龙里北,24
磐石,明城,24
通辽,甘旗卡,24
茶陵南,安仁,24
北屯市,福海,24
榆社西,晋中,24
城阳,高密,24
福州南,涵江,24
太原南,祁县东,24
杭州东,绍兴东,24
齐齐哈尔,昂昂溪,24
清水北,酒泉南,24
平房,牛家,24
阜宁东,盐城,24
临汾西,霍州东,24
龙市,井冈山,24
常熟,太仓南,24
徐州东,睢宁,24
大连,金州,24
嵊州新昌,临海,24
富阳,建德,24
赣县北,万安县,24
玉山南,弋阳,24
大石桥,海城,24
新乡东,内黄,24
遂宁,潼南,24
彬州东,礼泉南,24
云梦东,天河机场,24
张家港,太仓,24
南通,张家港,24
烟台,牟平,24
方城,郏县,24
海城,鞍山,24
扎兰屯,成吉思汗,24
秦家,张维屯,24
咸宁,赤壁,24
沧州,泊头,24
定西北,通渭,24
鹰潭,东乡,24
嘉善,海宁,24
武汉,黄冈西,24
于都北,宁都,24
太湖南,武穴北,24
含山南,肥东,24
太平川,保康,24
穆棱,绥阳,24
柘皋,芜湖,24
原平,忻州,24
涟源,冷水江东,24
连江,福州,24
德惠,陶赖昭,24
南通,海安,24
甘谷,武山,24
丰城东,南昌西,24
娄烦,岚县,24
免渡河,乌奴耳,24
松江南,桐乡,24
衡水北,藁城南,24
方正,胜利镇,24
临颍,漯河,24
西宁,平安驿,24
泾县,无为,24
蔡家沟,双城堡,24
滦河,秦皇岛,24
金华南,缙云西,24
太原南,阳曲西,24
滨海北,天津西,24
义乌,武义北,24
韩城,合阳北,24
济南,晏城,24
榕江,三都县,24
定南南,龙川西,24
芜湖南,马鞍山东,24
军粮城北,唐山,24
新民北,沈阳,24
息烽,贵阳东,24
怀化南,凤凰古城,24
丹阳北,南京南,24
佳木斯,宏克力,24
石门县北,临澧,24
杨桥,邵阳,24
得莫利,依兰,24
贵定县,三都县,24
武胜,合川,24
唐山北,唐山,24
高楞,双龙湖,24
盘锦北,锦州北,24
英德西,广州北,24
达连河,方正,24
广州,佛山,24
唐山,宝坻,24
利津南,东营南,24
繁峙,五台山,24
东方,黄流,24
三亚,乐东,24
眉山,乐山北,24
平洋,泰来,24
涿州东,北京西,24
梅河口,山城镇,24
南芬北,凤城东,24
龙川西,博罗北,24
胶州北,潍坊北,24
苏州新区,常州,24
兴国西,于都,24
上海,上海虹桥,24
背荫河,牛家,24
林芝,米林,24
小河镇,镇安,24
清流,杨源,24
荔波,河池西,24
重庆北,璧山,24
乔庄东,北京,24
晋江,仙游,25
丹徒,扬州东,25
宁乡,益阳,25
苇河西,帽儿山西,25
大庆东,肇东,25
佳木斯,双鸭山西,25
天津,杨柳青,25
光山,新县,25
吉水西,万安县,25
泉州,莆田,25
南昌西,抚州东,25
德惠西,长春,25
常州,苏州,25
广州南,光明城,25
锦州南,盘锦北,25
重庆北,合川,25
鹤岗,鹤立,25
白城,洮南,25
鹤立,佳木斯,25
三间房,齐齐哈尔,25
代县,繁峙,25
青岛,城阳,25
重庆西,綦江东,25
信阳东,驻马店西,25
株洲,湘潭,25
安庆,桐城东,25
偃师,洛阳,25
郑州,新郑机场,25
徐州东,滕州东,25
保定,白洋淀,25
上海虹桥,苏州,25
厦门北,泉州,25
上海,苏州,25
拉林,安家,25
阜阳西,沈丘北,25
喀左,宁城,25
公主岭南,昌图西,25
昆玉,墨玉,25
宜宾西,兴文,25
金华,兰溪,25
龙山北,桑植,25
牡丹江,柴河,25
长沙,株洲,25
永安南,三明北,25
龙江,碾子山,25
郑州西,洛阳龙门,25
潮汕,葵潭,25
荆州,潜江,25
仙桃西,汉川,25
勉县,宁强,25
九江,共青城,25
汉口,孝感东,25
金华,诸暨,25
金华南,武义,25
临清,聊城,25
徐州东,永城北,25
庐江西,合肥南,25
梧州南,平南南,25
广州南,三水南,25
卓资东,呼和浩特东,25
桂林北,兴安北,25
阳高南,怀安,25
杭州东,长兴,25
安阳东,新乡东,25
马踏,阳江,25
恩平,双水镇,25
柳州,来宾北,25
益阳南,常德,25
溆浦南,邵阳北,25
永泰,福州,25
洪洞西,侯马西,25
民乐,张掖西,25
桐城南,舒城东,25
太湖南,桐城南,25
乐清东,台州西,25
德清,宜兴,25
银滩,老城镇,25
南通,如皋,25
凤凰机场,黄流,25
温岭,三门县,25
珠海,中山北,25
良乡,北京西,25
新会,开平南,25
肥西,桐城东,25
贵阳东,贵定县,25
南宁东,宾阳,25
江油,罗江东,25
板塘,长沙,25
晋中,平遥古城,25
漳浦,饶平,25
益阳南,观沙岭,25
中川机场,西固,25
梅河口,东丰,25
兴隆县,鹰手营子,25
百色,田东北,25
花溪大学城,贵阳北,25
集宁南,卓资东,25
滑浚,新乡南,25
河唇,文地,25
烟台,桃村北,25
蓟州北,下仓,25
徐家店,莱阳,25
丹阳,无锡,25
扎赉诺尔西,嵯岗,25
伊图里河,图里河,25
海伦,海北,25
南陵,绩溪北,25
福州,古田北,25
古田北,建瓯西,25
龙江,虎尔虎拉,25
醴陵,株洲,25
向塘,丰城,25
巫山,兴山,25
美溪,伊春,25
牛河梁,承德县北,25
密云,北京朝阳,25
开平南,阳东,25
谷城北,十堰东,25
辽宁朝阳,锦州北,25
桐城,庐江,25
杭州东,上虞南,25
阳新,鄂州,25
朝阳湖,崇州,25
三家店,北京丰台,25
如皋,姜堰,25
扎罗木得,牙克石,25
资阳北,隆昌北,25
青莲,德阳,25
耒阳西,衡山西,25
夏邑县,商丘,25
珠斯花,哈日努拉,25
贵定北,凯里南,25
德昌西,西昌西,25
瓦屋山,长兴,25
上饶,鹰潭北,25
五莲,莒县,25
永修,南昌,25
滨州,阳信,25
资中北,大足南,25
商丘东,古城东,25
锦州南,兴城西,25
平邑,泗水,25
芦台,塘沽,25
济南东,平原东,25
高邮北,江都,25
金华,永康南,25
南华,广通北,25
延平西,三明,25
青岛北,蓝村,25
玉山南,龙游,25
建德,三阳,25
上海,苏州北,25
张掖,临泽,26
青县,静海,26
湘潭北,娄底南,26
吉林,蛟河西,26
长春西,四平东,26
禄丰南,楚雄,26
凯里南,三穗,26
余姚北,杭州南,26
上海虹桥,太仓南,26
铜陵北,旌德,26
深圳坪山,鲘门,26
重庆西,荣昌北,26
牛河梁,辽宁朝阳,26
沧州西,德州东,26
营口东,盘锦,26
环县,甜水堡,26
庆阳,曲子,26
黄冈西,蕲春南,26
金普,鲅鱼圈,26
大连北,瓦房店西,26
瓦房店西,盖州西,26
襄垣东,榆社西,26
洪河,前锋,26
南京南,溧阳,26
歙县北,泾县,26
赵光,北安,26
凌海南,盘锦,26
延平,南平市,26
天台山,上虞南,26
漳平西,永安南,26
诸暨,金华南,26
青白江东,绵阳,26
攀枝花南,永仁,26
西安北,杨陵南,26
牙克石,免渡河,26
永修,庐山,26
阳新,庐山,26
龙岩,龙山镇,26
福州南,罗源,26
乌尔旗汗,岩山,26
莱阳,烟台南,26
遵义,息烽,26
曲江,通海,26
成都南,眉山东,26
榆次,太谷,26
田阳,平果,26
泰和,峡江,26
南京南,镇江,26
宣城,芜湖,26
襄阳东,随县,26
合肥,淮南东,26
阜阳西,亳州南,26
林盛堡,辽阳,26
南通西,东台,26
哈尔滨,成高子,26
密山,黑台,26
霍州东,平遥古城,26
博克图,雅鲁,26
黔西,贵阳东,26
祁东,永州,26
三门峡南,华山北,26
福清,福州,26
进贤,向塘,26
岩山,原林,26
营口东,辽阳,26
郑州,修武西,26
哈尔滨西,扶余北,26
内江北,简阳南,26
商城,潢川,26
肥东,芜湖北,26
盐城,海安,26
连云港,灌南,26
徐州,萧县,26
黑台,东海,26
红山,友好,26
汤旺河,乌伊岭,26
东营,利津南,26
常州,大港南,26
盖州西,鞍山西,26
海城西,鲅鱼圈,26
上海南,松江,26
义乌,龙游,26
昌邑,莱西,26
宜兴,句容西,26
农安,王府,26
天柱山,太湖,26
仙居南,磐安南,26
安阳,鹤壁,26
松原,哈拉海,26
北京丰台,高碑店东,26
正定机场,保定东,26
秀山,酉阳,26
郑州航空港,扶沟南,26
尚志南,阿城北,26
曹县,菏泽,26
成都西,邛崃,26
温江,蒲江,26
海阳北,牟平,26
青岛机场,青岛西,26
广州南,江门东,26
广州南,中山,26
重庆西,大足南,26
吉林,九台南,26
桐庐,杭州南,26
宋城路,郑州东,26
韦庄,合阳北,26
湖州,郎溪南,26
商洛,丹凤,26
哈尔滨西,双城堡,26
湖州,杭州,26
怀宁,桐城,26
名山,邛崃,26
喀什,阿克陶,26
大邑,成都南,26
宝应,阜宁南,26
临海,雁荡山,26
潮阳,陆丰,26
谷山,益阳南,26
临泉,周口东,26
如皋南,盐城大丰,26
恭城,钟山西,26
费县北,曲阜东,26
蒙山,济宁东,26
明港东,孝感北,26
费县,平邑,26
武义北,丽水,26
金山卫,春申,26
上海南,车墩,26
秦王川,靖远北,26
都匀东,荔波,26
赶水东,珞璜南,26
枫林,黄石北,26
日照西,赣榆,26
永安南,明溪,26
南岔,晨明,26
加查,朗县,26
绥德,清涧县,26
虞城县,砀山,26
吴堡,绥德,26
修文县,遵义南,26
芙蓉镇,凤凰古城,26
姚渡,广元,26
四平,八面城,26
丹东,通远堡西,26
河源北,惠州北,26
临沧,云县,26
杜尔伯特,齐齐哈尔,26
广州北,源潭,26
朱家沟,宝林,26
太湖南,桐城东,26
景德镇北,婺源,26
冕宁,越西,26
池州,铜陵北,26
沟帮子,盘锦,26
富裕,青水山,26
海伦,绥棱,26
衡阳东,株洲西,27
绍兴东,宁波,27
灌云,淮安东,27
上海虹桥,嘉兴南,27
江山,金华,27
镇江,戚墅堰,27
鹤壁东,邯郸东,27
安庆西,宿松东,27
高密,潍坊,27
深圳,常平,27
石家庄,邢台东,27
长兴南,广德,27
哈尔滨西,肇东,27
北海,钦州东,27
新津南,乐山,27
淄博北,潍坊北,27
合肥,淮南南,27
乐山,泥溪,27
建宁县北,将乐,27
田东北,隆安东,27
剑门关,江油,27
衢州,上饶,27
新余北,萍乡北,27
池州,繁昌西,27
上饶,横峰,27
郑州东,巩义南,27
大同南,天镇,27
双城北,德惠西,27
许昌北,周口东,27
长沙南,萍乡北,27
沟帮子,大虎山,27
郓城,台前,27
赣州西,龙南东,27
角美,厦门,27
潜山,庐江西,27
扬州东,宝应,27
神州,亚龙湾,27
高台南,张掖西,27
重庆西,合川,27
北京,燕郊,27
黄山北,德兴,27
惠州北,深圳北,27
昌乐,淄博,27
新和,库车,27
开原西,沈阳北,27
雅安,西来,27
阳邑,井店,27
忻州西,太原,27
缙云,永康南,27
瑞金,于都,27
香坊,阿城,27
辽阳,沈阳北,27
随州南,孝感东,27
惠安堡,灵武北,27
方城,邓州东,27
桂平,藤县,27
武胜,南充北,27
江油北,绵阳,27
临沂北,泗水南,27
神农架,南漳,27
江油北,广元,27
贵定县,贵阳,27
杭州南,义乌,27
玉田南,滦河,27
彭山北,成都东,27
青州市北,章丘北,27
潍坊北,青岛机场,27
台前,聊城,27
阎良,三原,27
射阳,响水县,27
渑池南,灵宝西,27
千岛湖,桐庐东,27
周宁,宁德,27
淮安,泗阳,27
峨眉,峨边南,27
南陵,巢湖东,27
信丰西,和平北,27
商丘,宁陵县,27
苇河,一面坡,27
玉林,陆川,27
大理,云南驿,27
镇赉,白城,27
中川机场,福利区,27
石家庄,辛集南,27
楚山,林口,27
咸丰,黔江,27
衡水北,德州东,27
福鼎,瑞安,27
五常,背荫河,27
娄底南,邵东,27
漠河,图强,27
益阳南,开福寺,27
淮北北,徐州东,27
温州南,雁荡山,27
资中北,永川东,27
济南西,平原东,27
中卫南,红寺堡北,27
郏县,郑州航空港,27
咸阳,杨陵,27
换新天,建三江,27
中宁东,吴忠,27
云霄,潮汕,27
弥勒,开远南,27
古城,依安,27
依安,富海,27
许昌东,驻马店西,27
八方山,益阳南,27
梅州西,揭阳,27
共青城,瑞昌西,27
长寿北,丰都,27
清河门北,阜新南,27
周家,拉林,27
克山,克东,27
冠豸山南,龙岩,27
沁县,武乡东,27
永安乡,鸡东,27
洛阳,新安县,27
兴凯,密山,27
福清,仙游,27
横道河子东,一面坡北,27
太谷西,太原,27
保山,永平县,27
东方红,迎春,27
苇河西,海林北,27
邯郸,邢台,27
海安,张家港,27
襄垣,长治北,27
奎屯,沙湾市,27
水茜,建宁县北,27
西安北,华山北,28
徐州东,新沂南,28
柳州,鹿寨北,28
宁波,宁海,28
南阳东,平顶山西,28
达州,土溪,28
嘉兴南,杭州,28
郑州东,长葛北,28
长治东,晋城东,28
贵港,平南南,28
安阳东,邢台东,28
泰宁,南丰,28
海口东,福山镇,28
滁州,蚌埠南,28
万州北,奉节,28
桂林北,永福南,28
广州南,新会,28
松江河,黄泥崴子,28
马山县,河池西,28
淮安东,宿迁,28
白马井,福山镇,28
连云港东,连云港,28
青莲,青川,28
杭州南,绍兴,28
韶山南,邵阳北,28
德清,广德南,28
蕲春,武穴,28
铜仁南,怀化南,28
芜湖,铜陵,28
霸州西,天津西,28
南昌西,共青城,28
内乡,西峡,28
合肥南,含山南,28
鹤壁东,郑州东,28
济宁北,菏泽东,28
邯郸东,高邑西,28
广州,三水南,28
南部,南充北,28
济南东,临淄北,28
简阳南,隆昌北,28
阜阳西,寿县,28
潢川,息县,28
吉安西,樟树东,28
衡阳东,祁东,28
武乡,长治东,28
闻喜西,临汾西,28
进贤南,南昌,28
安庆,太湖南,28
砀山南,民权北,28
灵宝西,渭南北,28
双辽,门达,28
丹阳,扬州东,28
延安,富县东,28
沙坪坝,隆昌北,28
嵊州新昌,台州,28
洪洞西,灵石东,28
广州东,东莞,28
桐梓东,赶水东,28
都匀,甲猫,28
丹阳,南京,28
乐平市,万年,28
上海虹桥,无锡东,28
灵石东,太谷西,28
澧县,石门县北,28
高平东,焦作,28
天水,清水县,28
奉节,巴东,28
晨明,浩良河,28
邵东,西渡,28
巩义南,郑州,28
北票,喀左,28
高邮,大港南,28
海阳北,即墨北,28
嘉善南,杭州东,28
高邮,淮安东,28
咸阳西,岐山,28
濮阳东,卫辉南,28
永平县,漾濞,28
武威南,古浪,28
唐山,芦台,28
陆良,师宗,28
海东西,民和南,28
平潭,福州南,28
吐鲁番北,鄯善北,28
元氏,石家庄,28
广南县,普者黑,28
济南东,莱芜北,28
山阴,怀仁东,28
岳阳,临湘,28
永济北,闻喜西,28
宁县,永寿西,28
青田,缙云西,28
辽中,沈阳北,28
保定东,霸州西,28
祥云,南华,28
漳州,厦门,28
兴文,镇雄,28
南堡北,唐山,28
乐昌,坪石,28
炎陵,茶陵南,28
红星,五营,28
前进镇,洪河,28
湘潭,湘乡,28
衢州,金华南,28
汇流河,牧原,28
巢湖东,合肥,28
南阳寨,焦作,28
大兴机场,北京西,28
天水南,通渭,28
天台山,温岭,28
林口,西麻山,28
宿州,固镇,28
金州,皮口,28
莒南北,蒙山,28
青岛北,莱西,28
张掖,山丹,28
济宁北,蒙山,28
太姥山,平阳,28
上海虹桥,上海南,28
老莱,九三,28
唐山西,香河,28
临沂,费县,28
重庆北,长寿湖,28
抚州,南丰,28
绥中,兴城,28
太仓,上海西,28
张家界西,古丈西,28
德昌西,米易东,28
安庆西,舒城东,28
蒙自,屏边,28
塔哈,齐齐哈尔,28
青岛西,胶州北,28
富海,富裕,28
饶平,普宁,28
惠阳,汕尾,29
南城,建宁县北,29
襄汾西,运城北,29
普宁,汕尾,29
龙南东,龙川西,29
贵溪,横峰,29
镇江南,无锡东,29
汉口,红安西,29
银川,吴忠,29
深圳北,广州南,29
泸州,自贡,29
晋中,介休东,29
连云港,响水县,29
防城港北,钦州东,29
鲘门,葵潭,29
桐梓北,綦江东,29
犍为,宜宾西,29
镇江,扬州东,29
长沙南,衡山西,29
高碑店东,定州东,29
乐昌东,英德西,29
哈拉苏,扎兰屯,29
汤原,浩良河,29
台州西,宁海,29
喀什,阿图什,29
胶州,高密,29
枫林,九江,29
贵阳北,安顺西,29
六盘水,六枝南,29
合肥南,无为,29
泰和,新干东,29
罗江东,成都东,29
连云港,岚山西,29
日照西,临沂北,29
神树,铁力,29
南平市,上饶,29
盘锦,鞍山西,29
南阳,镇平,29
福安,连江,29
福利屯,红兴隆,29
康金井,兴隆镇,29
凌海南,葫芦岛北,29
丰城东,南昌,29
太谷,平遥,29
临城,邢台,29
茂名,阳西,29
郑州东,许昌北,29
沧州西,天津西,29
花园,广水,29
上海,太仓南,29
哈尔滨,宾州,29
哈尔滨西,阿城北,29
大安,松原,29
菏泽,郓城,29
庆阳,彬州东,29
江华,道州,29
丹江口,襄阳东,29
岑溪,容县,29
定西北,兰州西,29
获嘉,焦作,29
贵阳北,黔西,29
南京南,芜湖,29
东镇,侯马,29
崇州,成都东,29
东港北,青堆,29
云浮东,三水南,29
宜兴,江宁,29
长寿湖,梁平南,29
保康县,襄阳东,29
曲阜,兖州,29
栟茶,海安,29
无锡新区,南翔北,29
石家庄,高邑,29
南江口,藤县,29
南京南,常州北,29
眉山东,峨眉山,29
乐山,新津,29
于都,赣州,29
白洋淀,定州东,29
昆山南,常州北,29
吉林,龙嘉,29
阜新,新民北,29
安匠,怀柔南,29
依兰,方正,29
高密,即墨北,29
永庆,敦化,29
寒葱沟,东二道河,29
带岭,南岔,29
七台河西,林口南,29
图强,阿木尔,29
杨陵,虢镇,29
丹凤,商洛北,29
衡水,饶阳,29
彭山,成都南,29
侯马,襄汾,29
石泉县,西乡,29
清河,怀来,29
李家,海北,29
巍山,小湾东,29
黄石北,武汉,29
美溪,西林,29
四平,昌图,29
清河,延庆,29
湖州,瓦屋山,29
八达岭长城,宣化北,29
高碑店东,北京西,29
张家口,东花园北,29
美兰,琼海,29
罗源,霞浦,29
宁城,牛河梁,29
丹阳北,苏州北,29
东方,乐东,29
兖州,磁窑,29
铜陵,巢湖东,29
临颍,长葛,29
阜新,辽宁朝阳,29
太湖南,庐山,29
眉山东,犍为,29
资中北,成都东,29
深圳,仲恺,29
库尔勒,焉耆,29
北京南,天津,30
福州南,莆田,30
帽儿山西,亚布力西,30
厦门北,漳浦,30
亚布力西,牡丹江,30
定远,南京南,30
河东机场,红寺堡北,30
武汉,孝感北,30
胜芳,白洋淀,30
和平北,河源东,30
深圳东,东莞东,30
甘洛南,峨边南,30
阜阳,阜南,30
漯河,许昌,30
咸宁北,岳阳东,30
沈阳南,海城西,30
牡丹江,林口南,30
永寿西,西安北,30
穆棱,牡丹江,30
凤县,两当,30
四平东,铁岭西,30
太原南,交城,30
洛阳龙门,三门峡南,30
唐山北,蓟州,30
深圳北,惠东南,30
石家庄东,衡水北,30
陆丰,惠东南,30
泰安,滕州东,30
襄阳东,随州南,30
呼和浩特,卓资东,30
泾县,黄山北,30
汉中,佛坪,30
漯河,驻马店,30
辽中,盘锦北,30
新沂,东海县,30
桂林西,阳朔,30
丹徒,无锡,30
阳泉东,阳泉北,30
南昌西,德安,30
凤城东,本溪,30
沈阳,鞍山西,30
龙泉市,松阳,30
安庆,铜陵,30
兴国西,吉安西,30
长兴,溧水,30
遵义,桐梓北,30
黄冈东,武汉东,30
龙洞堡,都匀东,30
唐山,天津,30
广州南,江门,30
新都东,绵阳,30
江油,德阳,30
阳东,台山,30
龙里北,独山东,30
垫江,复盛,30
怀化南,吉首东,30
东莞西,广州东,30
雅安,邛崃,30
桂林北,阳朔,30
烟台,海阳北,30
海石湾,乐都,30
玉泉,帽儿山,30
漳县,哈达铺,30
枣庄西,枣庄东,30
亚龙湾,万宁,30
陵水,琼海,30
万宁,文昌,30
漯河西,明港东,30
建湖,宝应,30
彭水,武隆,30
营山,南充,30
樟树东,南昌西,30
得莫利,胜利镇,30
黄冈东,武汉,30
上海,无锡东,30
双龙湖,宾州,30
富川,江华,30
陆川,文地,30
西乡,城固,30
德保,靖西,30
鸡西,柳毛,30
邳州东,连云港,30
高密北,青岛北,30
南江口,肇庆东,30
金普,大连,30
绥棱,四方台,30
平度,即墨北,30
清河城,枣强,30
汝州,宝丰,30
荣成,牟平,30
高密北,青州市北,30
南宁东,马山县,30
绥化,四方台,30
会昌北,赣县北,30
西昌西,喜德西,30
冠豸山南,瑞金,30
古田会址,长汀南,30
佛坪,鄠邑,30
阜阳,颍上,30
歙县,黄山,30
山市,横道河子,30
厦门北,南靖,30
铜仁,铜仁南,30
重庆北,永川东,30
太原,阳曲,30
屏南,建瓯东,30
郑州航空港,郑州,30
兰州西,民和南,30
遵义南,桐梓东,30
仙游,永泰,30
郑州东,兰考南,31
济南西,曲阜东,31
北京南,天津南,31
荆州,仙桃西,31
成都东,眉山东,31
石家庄,保定东,31
郴州西,韶关,31
萧县北,商丘,31
新肇,大安,31
杭州东,余姚北,31
梅河口,朝阳镇,31
太湖,宿松,31
珠海,小榄,31
前山,容桂,31
襄汾西,霍州东,31
沈阳,本溪,31
大同南,应县,31
怀化南,洞口,31
惠安,厦门北,31
承德南,密云,31
赤峰,宁城,31
罗山,信阳,31
乐清,台州西,31
南宁,隆安东,31
泗阳,阜宁南,31
南靖,龙岩,31
郯城,新沂,31
沂南,临沂东,31
南平市,延平西,31
资阳北,大足南,31
太原南,平遥古城,31
霞浦,苍南,31
安亭西,常熟,31
铜陵北,长临河,31
衡阳,衡山,31
歙县北,千岛湖,31
徐州东,砀山南,31
松江南,临平南,31
齐齐哈尔南,大庆西,31
兖州,滕州,31
太仓,上海虹桥,31
峨山,元江,31
泰州,扬州,31
马鞍山东,繁昌西,31
德州东,济南东,31
盐城,如皋南,31
韶关,清远,31
富源,红果,31
衡水,辛集,31
渑池,新安县,31
潜江,汉川,31
宁安,东京城,31
承德南,牛河梁,31
青莲,广汉北,31
福鼎,福安,31
尚志南,横道河子东,31
兴城西,东戴河,31
合肥,寿县,31
常熟,南通,31
北戴河,唐山,31
金州,普兰店,31
濮阳东,新乡东,31
高安,宜春,31
庄河北,北井子,31
牛车河,常德,31
麻城北,金寨,31
桑日,加查,31
靖州,通道,31
蚌埠,固镇,31
宜春,新余,31
济宁,巨野,31
赣县北,泰和,31
芷江,三穗,31
漳平西,古田会址,31
彬州东,咸阳北,31
平度,海阳北,31
诏安,漳州,31
安庆,庐江西,31
庄河北,杏树屯,31
荣昌北,资阳北,31
仲恺,河源北,31
万安县,赣州西,31
慈利,石门县北,31
天镇,张家口,31
岱岳,怀仁,31
如皋,张家港,31
朔州,岱岳,31
随州,安陆,31
介休,灵石,31
东方,白马井,31
泉州,涵江,31
三亚,神州,31
杭州东,桐庐,31
河源北,定南南,31
许昌东,郑州,31
五龙背东,南芬北,31
北京北,八达岭长城,31
成都南,资阳北,31
安陆西,天河机场,31
安陆西,枣阳,31
杭州东,海宁,31
武穴北,黄冈西,31
中卫南,平川西,31
四平东,长春,31
雁栖湖,昌平北,31
商河,阳信,31
绥化,白奎堡,31
璧山,内江北,31
龙里北,三都县,31
沈阳,开原西,31
莱西,胶州北,31
榕江,都匀东,31
旬阳,安康,31
溧阳,德清,31
讷河,拉哈,31
黄石北,武汉东,31
磁山,阳邑,31
一面坡北,阿城北,31
兴凯,凯北,31
贵阳北,贵定县,31
大冶北,瑞昌西,31
梨树镇,八面通,31
盘锦,锦州北,32
蛟河西,敦化,32
全椒,合肥南,32
富源北,普安县,32
盐城,淮安东,32
南昌西,新余北,32
泰宁,三明北,32
湛江西,茂名,32
云梦东,汉口,32
阳江,电白,32
大庆西,银浪,32
益阳南,长沙,32
苏家屯,辽阳,32
定南南,赣州西,32
延吉西,大石头南,32
沈阳,辽中,32
兴城西,凌海南,32
巴中,平昌,32
武乡,晋中,32
安吉,杭州东,32
汉寿南,益阳,32
肇东,大庆西,32
云浮东,梧州南,32
甜水堡,曲子,32
松江,嘉兴,32
银川,灵武,32
北滩,白银南,32
盖州,许家屯,32
昌平,下花园北,32
永济北,渭南北,32
哈尔滨,扶余北,32
天津西,廊坊北,32
徐州东,宿迁,32
怀化南,新化南,32
枣庄,宿州东,32
郴州西,衡阳东,32
杭州东,义乌,32
丽水,缙云,32
盖州西,盘锦,32
三水南,广宁,32
吴忠,甜水堡,32
宝应,灌南,32
江山,弋阳,32
兰州新区,兰州西,32
武汉,麻城北,32
烟台南,莱西,32
铜陵北,绩溪北,32
青岛北,高密,32
盘州,关岭,32
龙川西,惠州北,32
深圳机场,东莞西,32
义乌,永康南,32
南宁,宾阳,32
郏县,南阳东,32
平顶山西,郑州航空港,32
营口东,瓦房店西,32
金州,城子坦,32
芜湖,肥东,32
义乌,衢州,32
鄱阳北,湖口,32
东台,南通,32
九江,都昌,32
双城堡,扶余,32
合肥南,桐城东,32
廉江,文地,32
屏山,乐山,32
重庆西,隆昌北,32
北京南,天津西,32
富拉尔基,龙江,32
杭州东,金山北,32
叶城,莎车,32
太平川,通榆,32
峨眉,眉山,32
丰城,进贤,32
大田北,永安南,32
黄石北,瑞昌西,32
哈尔滨北,安达,32
玉田南,燕郊,32
宜兴,南京南,32
唐山北,滦县,32
福安,太姥山,32
轩岗,宁武,32
长春,双吉,32
毕节,清镇西,32
莆田,晋江,32
曹县,商丘南,32
大英东,潼南,32
新香坊北,尚志南,32
肃宁,深州,32
博鳌,美兰,32
四马架,佳木斯,32
商丘南,亳州,32
朝天,汉中,32
昆明南,玉溪,32
宜兴,杭州东,32
昆明南,弥勒,32
榆社,武乡东,32
南充,遂宁,32
榆社西,太原南,32
密山,永安乡,32
太姥山,瑞安,32
泰州,如皋,32
扎鲁特,白音胡硕,32
环县,庆阳,32
保康县,巴东,32
长春,公主岭,32
开原西,公主岭南,32
董家口,岚山西,32
辽阳,盖州西,32
安阳,邯郸,33
米易东,攀枝花南,33
郑州,焦作,33
四平,公主岭,33
容县,玉林,33
安顺西,普安县,33
武汉,赤壁北,33
襄阳东,南阳东,33
鞍山西,鲅鱼圈,33
桐乡,上海虹桥,33
大庆,杜尔伯特,33
野象谷,普洱,33
兴和北,张家口,33
郑州东,禹州,33
阜阳西,淮南南,33
佳木斯,依兰,33
旌德,无为,33
龙游,上饶,33
沈阳北,昌图西,33
岳阳东,长沙南,33
临汾西,灵石东,33
长征,靖远,33
桦南东,鸡西西,33
郑州东,漯河西,33
天台山,绍兴北,33
祁县东,霍州东,33
永泰,尤溪,33
南京,滁州北,33
辽宁朝阳,建平,33
民权,商丘,33
贵港,兴业,33
乌兰察布,怀安,33
泰州,高邮,33
商丘,开封北,33
西哲里木,哈日努拉,33
隆安东,田阳,33
邛崃,成都南,33
金华南,丽水,33
朝阳镇,磐石,33
惠农,石嘴山,33
西安,渭南,33
宁武,朔州,33
玉山南,鹰潭北,33
南宁东,钦州东,33
商丘,砀山,33
常熟,如皋南,33
徐州东,淮北,33
商南,丹凤,33
晏城,平原,33
黑水,通榆,33
共青城,南昌,33
广通北,元谋西,33
运城北,大荔,33
上海,昆山,33
贵阳北,湖潮东,33
武昌,汉川,33
延平,三明,33
临河,五原,33
酒泉,清水,33
德州,东光,33
庆元,龙泉市,33
九江,阳新,33
五家,哈尔滨,33
高碑店,保定,33
太姥山,宁德,33
西华,郑州航空港,33
老城镇,白马井,33
永修,九江,33
建平,平泉北,33
邹平,潍坊北,33
潮汕,陆丰,33
怀集,贺州,33
宁波,绍兴北,33
江门,恩平,33
阳江,开平南,33
内江北,沙坪坝,33
南充,岳池,33
绩溪北,建德,33
梁平南,长寿北,33
汤原,莲江口,33
平原东,衡水北,33
南朗,广州南,33
武安,邯郸,33
澧县,松滋,33
东海,鸡西,33
吴桥,泊头,33
唐山西,燕郊,33
大厂,北京,33
洪洞西,闻喜西,33
罗源,福州,33
云阳,巫山,33
齐齐哈尔,富拉尔基,33
牟平,莱阳,33
洞口,邵阳,33
徐州东,蚌埠南,33
盘锦,锦州南,33
潍坊北,莱西,33
绩溪县,歙县,33
龙桥,无为南,33
灵武北,中宁东,33
深圳,惠州北,33
讷尔克气,加格达奇,33
青岛北,莱阳,33
武夷山北,延平,34
嫩江,九三,34
娄底南,长沙南,34
利川,恩施,34
温州南,丽水,34
永州,全州南,34
福州,延平,34
荆州,宜昌东,34
宣城,湖州,34
恭城,贺州,34
深圳坪山,汕尾,34
遵义,修文县,34
乐昌,韶关东,34
洪洞西,介休东,34
野三关,建始,34
张掖,高台,34
黄山北,南陵,34
武威,金昌,34
鹰潭北,南昌西,34
郑州东,鄢陵,34
石柱县,涪陵北,34
潍坊,淄博,34
贵港,来宾北,34
柴沟堡,张家口,34
中卫,中宁,34
福州南,宁德,34
河源东,光明城,34
雁荡山,三门县,34
旬阳,蜀河,34
绥芬河,穆棱,34
鞍山西,沈阳北,34
梧州南,桂平,34
瑞昌,九江,34
虎林,卫星,34
绥中北,秦皇岛,34
五原,乌拉特前旗,34
一面坡北,海林北,34
日照西,青岛西,34
青岛北,青岛西,34
昌黎,秦皇岛,34
哈尔滨东,阿城,34
吴堡,吕梁,34
丰城东,吉安西,34
金华,缙云西,34
武汉,大冶北,34
楚雄,云南驿,34
安吉,杭州西,34
帽儿山,尚志,34
徐州,黄口,34
定州东,涿州东,34
杭州,海宁,34
宿州东,定远,34
合肥南,水家湖,34
南召,鲁山,34
景德镇北,都昌,34
宿州东,淮南东,34
西安,张桥,34
太平镇,福利屯,34
池州,芜湖南,34
廊坊北,北京丰台,34
深圳,东莞,34
宾阳,桂平,34
哈尔滨,双城堡,34
衢州,遂昌,34
惠安堡,河东机场,34
南京南,丹阳,34
黑山北,沈阳北,34
恩平,阳西,34
高平东,襄垣东,34
三亚,万宁,34
承德南,怀柔南,34
包头东,察素齐,34
运城,闻喜,34
长治南,武乡,34
琼海,海口东,34
古交,娄烦,34
昆都仑召,包头,34
柳河,梅河口,34
兰考,宁陵县,34
临沂北,曲阜南,34
诏安,普宁,34
蓟州北,宝坻北,34
红岛,潍坊北,34
会同,靖州,34
盖州西,金普,34
咸宁南,武汉东,34
即墨北,桃村北,34
佛山西,肇庆,34
镇江南,苏州北,34
镇远,施秉,34
党武,贵阳北,34
内江北,成都东,34
西宁,湟源,34
重庆北,大足南,34
八里甸子,五女山,34
正定,定州,34
榆树,五棵树,34
磐石,烟筒山,34
珲春,延吉西,34
兴和北,卓资东,34
福鼎,温州南,34
永城北,民权北,34
芜湖北,合肥南,34
双阳,伊通,34
海口东,临高南,34
麻城,黄州,34
张家口,八达岭长城,34
巫山,神农架,34
简阳南,荣昌北,34
霸州,任丘,35
拉萨,贡嘎,35
全椒,合肥,35
温州南,温岭,35
北京丰台,固安,35
长春西,扶余北,35
侯马,闻喜,35
鹤壁,新乡,35
五常,拉林,35
博兴,淄博,35
孟塬,风陵渡,35
大港南,高邮北,35
北京西,保定东,35
上海,太仓,35
贵定,福泉,35
义县,清河门北,35
无为,池州,35
紫阳,安康,35
定州,保定,35
永川东,资阳北,35
唐山,天津西,35
安庆西,肥西,35
太原南,忻州西,35
榆树屯,大兴,35
都匀东,贵阳,35
贺州,富川,35
万州北,垫江,35
红彦,大杨树,35
邯郸东,石家庄,35
建湖,泗阳,35
赶水东,重庆西,35
临沂,兰陵北,35
滨海港,盐城,35
兰陵北,枣庄东,35
沧州,东光,35
沈阳北,本溪,35
朱日和,赛汗塔拉,35
黄山北,千岛湖,35
塔城,额敏,35
天门南,汉口,35
都安,南宁东,35
太原南,介休东,35
弥勒,普者黑,35
广州南,肇庆东,35
凌海南,台安,35
绥德,子长,35
遂宁,南充北,35
潮阳,汕尾,35
上海虹桥,常州北,35
高密,昌乐,35
济南东,淄博,35
曲靖北,盘州,35
苇河西,牡丹江,35
德安,南昌,35
邵东,隆回,35
潮阳,诏安,35
扬州,高邮北,35
榆社西,长治东,35
民和南,西宁,35
眉山,成都南,35
临沂北,曲阜东,35
无锡,镇江,35
嵊州北,临海,35
连云港,涟水,35
阜阳西,周口东,35
凯里南,贵阳东,35
安江东,隆回,35
玉山南,金华,35
兴城西,山海关,35
廊坊,沧州西,35
安庆,宿松东,35
樟树东,南昌,35
龙南东,河源北,35
杭州西,宜兴,35
上饶,抚州东,35
镇雄,黔西,35
宁县,乾县,35
昆明南,曲靖北,35
永康南,青田,35
溧水,湖州,35
绥中北,锦州南,35
南漳,兴山,35
德清,郎溪南,35
白沟,天津西,35
彭山,成都东,35
榆林,米脂,35
常州,仙林,35
娄山关南,赶水东,35
长宁,威信,35
乐山,双流机场,35
建水,通海,35
眉县东,宝鸡,35
郑州东,洛阳龙门,36
晋江,厦门,36
渠县,达州,36
齐齐哈尔,大庆西,36
广州东,常平,36
徐州东,曲阜东,36
凯里南,铜仁南,36
洛阳龙门,郑州,36
双水镇,阳东,36
大同,怀仁,36
饶平,漳州,36
清水,高台,36
莒南,临沂,36
娄底,涟源,36
锦州,葫芦岛,36
娄底南,溆浦南,36
运城北,临汾西,36
哈尔滨西,宾州,36
宁化,建宁南,36
南昌,抚州东,36
西安北,大荔,36
广州南,英德西,36
五营,红山,36
灵石东,晋中,36
白狼,阿尔山,36
胶州北,莱阳,36
孝感北,汉口,36
雅安,大邑,36
佛坪,西安西,36
合肥南,铜陵北,36
青岛,胶州北,36
高邮,涟水,36
绵阳,青川,36
金华,武义,36
兰州西,中川机场,36
银川,石嘴山,36
风陵渡,永济,36
巩义,洛阳,36
帽儿山西,哈尔滨,36
一面坡北,新香坊北,36
新沂,沭阳,36
新化,安化,36
西安,引镇,36
铁力,庆安,36
金宝屯,八面城,36
高密,夏格庄,36
葛根庙,白城,36
昆明,禄丰南,36
大同,丰镇,36
赤壁北,汨罗东,36
泰来,江桥,36
颍上北,合肥北城,36
凤台南,合肥,36
肇庆东,广州,36
威舍,兴义,36
鹤岗,宝泉岭,36
娘子关,井陉,36
阜阳西,水家湖,36
新县,潢川,36
齐齐哈尔,烟筒屯,36
蒲江,成都西,36
阳谷,郓城,36
杭州东,松江南,36
胜利镇,高楞,36
广德,宣城,36
若羌,米兰,36
三江南,桂林西,36
云霄,厦门北,36
韶山南,新化南,36
连云港,滨海港,36
乌兰察布,呼和浩特东,36
江油,广元,36
南昌西,抚州,36
宜城,襄阳,36
襄州,枣阳,36
长庆桥,泾川,36
息烽,娄山关南,36
惠安堡,环县,36
文水,太原南,36
黑山北,沈阳,36
瑞昌西,永修,36
安康,旬阳北,36
榆中,通渭,36
延安,洛川东,36
庐山,潜山,36
侯马西,永济北,36
珠琳,富宁,36
资阳北,自贡,36
兰州西,河口南,36
大冶北,庐山,36
庐江,龙桥,36
西安北,岐山,36
郑州东,安阳东,36
唐山,秦皇岛,37
昌图西,长春西,37
新干东,南昌西,37
合肥南,芜湖,37
沈阳,昌图西,37
八仙筒,东来,37
绵阳,成都东,37
马鞍山,芜湖,37
北京丰台,涿州,37
北京丰台,保定东,37
衡阳东,长沙南,37
沈阳北,铁岭,37
海城西,沈阳,37
黄陵南,蒲城东,37
松原,农安,37
扶余,德惠,37
通辽,大林,37
兴隆县西,北京朝阳,37
临河,巴彦高勒,37
宝鸡南,咸阳西,37
方城,长葛北,37
博罗北,深圳北,37
惠农,乌海,37
赣县北,吉安西,37
旬阳北,镇安,37
长沙,宁乡,37
贵阳北,遵义南,37
哈尔滨,安达,37
大石桥,熊岳城,37
徐州,宿州,37
睢宁,淮安东,37
宁波,余姚,37
杭州,德清西,37
成都东,青神,37
安康,汉阴,37
天津,廊坊北,37
湘潭北,邵阳北,37
萍乡,宜春,37
西来,成都南,37
曲阜东,济南,37
开江,梁平,37
石家庄,临城,37
武穴,九江,37
福州,涵江,37
泸县,内江北,37
胶州北,潍坊,37
唐山,唐海南,37
正定机场,白洋淀,37
张家港,东台,37
长白山,敦化,37
无锡新区,镇江,37
庄河北,东港北,37
贵阳东,都匀东,37
方正,宾州,37
花园口,金州,37
襄垣东,太谷东,37
饶阳,任丘,37
灵武北,甜水堡,37
章丘北,潍坊北,37
张家界西,桃源,37
南芬北,丹东,37
衡水北,禹城东,37
鄂尔多斯,神木西,37
五龙背东,本溪,37
青岛西,城阳,37
怀集,肇庆东,37
百色,富宁,37
靖远北,中卫南,37
南华,禄丰南,37
大安北,乾安,37
昌邑,淄博北,37
江门东,恩平,37
建德,杭州南,37
潮汕,漳浦,37
北京北,延庆,37
下花园北,清河,37
福鼎,宁德,37
烟台南,夏格庄,37
太平川,宝龙山,37
章丘,青州市,37
呼和浩特,萨拉齐,37
哈尔滨,呼兰,37
通北,海伦,37
鲘门,普宁,37
洪洞,霍州,37
尚志,苇河,37
襄阳东,武当山西,37
托克托东,呼和浩特,37
当阳,荆门,37
白文东,岚县,37
石柱县,利川,37
高密北,青岛西,37
温岭,宁海,37
云浮东,佛山西,37
海宁西,上海虹桥,37
河唇,化州,37
赵光,通北,37
高邑,邢台,37
烟台,莱阳,37
曲阜,平邑,37
兰州西,秦王川,37
福州南,仙游,37
漯河西,信阳东,38
郑州东,民权北,38
晏城,大明湖,38
洪洞西,平遥古城,38
淮南南,合肥南,38
重庆北,涪陵北,38
渭南北,三门峡南,38
平果,南宁,38
祁阳,衡阳东,38
陆丰,惠阳,38
孝感北,驻马店西,38
蚌埠,明光,38
杭州西,广德南,38
荆门,钟祥,38
资中北,沙坪坝,38
德安,阳新,38
石家庄,衡水北,38
合肥南,淮南东,38
惠东南,葵潭,38
泰安,枣庄,38
华山,渭南,38
吕梁,汾阳,38
汉口,麻城北,38
东戴河,葫芦岛北,38
霍州东,侯马西,38
阳高南,张家口,38
怀来,北京北,38
宿州东,水家湖,38
合肥,蚌埠南,38
南城,泰宁,38
连云港,日照西,38
延吉西,敦化,38
哈尔滨西,德惠西,38
霞浦,平阳,38
攸县,茶陵南,38
渑池南,华山北,38
宝鸡南,天水南,38
乐昌东,耒阳西,38
怀化南,三穗,38
重庆北,荣昌北,38
渑池南,郑州西,38
四平,开原,38
蛟河西,大石头南,38
金寨,合肥南,38
漳平西,三明,38
桐梓东,綦江东,38
金山卫,上海南,38
新民北,甘旗卡,38
潢川,淮滨,38
岷县,渭源,38
冠豸山,清流,38
台山,阳江,38
恩平,新会,38
大连,登沙河,38
莱阳,桃村,38
许家屯,瓦房店,38
金华,杭州南,38
阆中,南充北,38
衡水,肃宁,38
德清西,长兴南,38
双鸭山西,七台河西,38
齐齐哈尔南,大庆东,38
阿城北,苇河西,38
越西,金口河南,38
兰州,兰州新区,38
菏泽,巨野,38
长春,农安,38
奈曼,八仙筒,38
依安,克山,38
新立屯,彰武,38
安陆西,汉口,38
句容西,湖州,38
德州东,辛集南,38
昌平,宣化北,38
承德南,喀左,38
牛家,安家,38
霍州东,太谷西,38
原平西,山阴,38
平遥古城,太原,38
商丘,太和东,38
平顶山,宝丰,38
燕郊,蓟州北,38
原平,代县,38
北戴河,滦县,38
橄榄坝,勐腊,38
新乡东,邯郸东,38
大庆东,哈尔滨北,38
商丘,曹县,38
邢台东,鹤壁东,38
胶州,青岛北,38
北票,黑山北,38
九江,彭泽,38
常熟,如皋,38
高碑店东,正定机场,38
嵊州北,台州,38
武穴北,安庆西,38
定南南,河源东,38
瓦房店西,大连,38
福田,广州南,38
襄阳东,神农架,38
白城,安广,39
阳泉北,石家庄,39
定西北,秦安,39
金口河南,峨眉,39
耒阳西,株洲西,39
淮安东,扬州东,39
南京,常州,39
合肥,六安,39
云浮东,藤县,39
石家庄北,晋州,39
海林北,尚志南,39
宜兴,杭州,39
峨眉,彭山,39
盘锦,鲅鱼圈,39
宁波,三门县,39
辽阳,鲅鱼圈,39
武汉,信阳东,39
遵义南,贵阳东,39
广州北,韶关,39
庆阳,永寿西,39
双辽,茂林,39
南通西,盐城,39
郑州,焦作西,39
静海,天津西,39
桂林,鹿寨北,39
黄桶北,贵阳北,39
赣州西,和平北,39
溧阳,杭州东,39
赣州西,泰和,39
佳木斯,汤原,39
郑州东,扶沟南,39
南岔,朗乡,39
苍溪,广元,39
响水县,盐城,39
罗平,师宗,39
威海,文登,39
台安,沈阳北,39
凤凰城,通远堡,39
宜宾西,乐山,39
陇南,姚渡,39
榕江,三江南,39
佳木斯,达连河,39
西安北,灵宝西,39
恩施,高坪,39
淮安,沭阳,39
秦家,绥棱,39
青岛机场,潍坊,39
凯里南,贵阳北,39
深圳北,东莞,39
深圳北,鲘门,39
无锡东,南京南,39
棋子湾,临高南,39
阳新,瑞昌,39
涟源,新化,39
楚雄,祥云,39
洋河,泗县,39
河口北,屏边,39
北京,香河,39
仙游,厦门北,39
淮滨,阜阳,39
明水河,索伦,39
临汾西,介休东,39
内江北,重庆西,39
子长,延安,39
仙桃,汉口,39
六安,霍邱,39
常州,扬州东,39
无为,绩溪北,39
衡阳东,杨桥,39
信丰西,龙川西,39
太原,交城,39
沈丘,太和北,39
宿迁,宝应,39
鲅鱼圈,大连北,39
黄冈东,黄梅东,39
邵阳,双峰北,39
延平西,永安南,39
绍兴,余姚,39
礼泉南,宁县,39
滕州东,宿州东,39
赤壁,临湘,39
郯城,临沂东,39
大余,南雄,39
白银西,皋兰,39
武威,古浪,39
奉节,兴山,39
即墨北,潍坊北,39
义乌,缙云西,39
玉林,博白,39
黔江,彭水,39
临海,乐清,39
玉溪,元江,40
新晃西,凯里南,40
西双版纳,普洱,40
墨江,宁洱,40
齐齐哈尔,富裕,40
吉林,长春,40
讷河,伊拉哈,40
长沙南,宜春,40
诸暨,武义北,40
娄底,湘乡,40
三门县,乐清东,40
怀化南,邵阳北,40
禹州,南阳东,40
东莞东,惠州,40
胶州,诸城,40
新余,樟树,40
安吉,杭州,40
重庆北,垫江,40
神木,锦界,40
四合永,纪家沟,40
深圳,东莞东,40
高邮,镇江,40
茂名,阳江,40
贵阳北,关岭,40
电白,阳东,40
广州南,双水镇,40
承德南,顺义西,40
宝应,大港南,40
燕郊,玉田县,40
郑州东,郏县,40
东安东,兴安北,40
土溪,蓬安,40
平泉北,辽宁朝阳,40
金普,营口东,40
潮汕,梅州西,40
哈尔滨西,呼兰,40
黄山北,上饶,40
建瓯西,上饶,40
曲靖,宣威,40
土贵乌拉,丰镇,40
石林西,开远南,40
麻城,新县,40
南宁东,贵港,40
中卫南,吴忠,40
白银南,福利区,40
昌图,铁岭,40
上海虹桥,临平南,40
日照西,莒南,40
固始,潢川,40
瓦房店西,海城西,40
长兴,南京南,40
赤峰,建平,40
上海,无锡,40
洛阳龙门,灵宝西,40
阜新,彰武,40
阳朔,钟山西,40
长治南,焦作,40
从江,三都县,40
桂林北,三江南,40
襄阳东,安陆西,40
公主岭南,铁岭西,40
巩义南,三门峡南,40
黄州,蕲春,40
拉林,平房,40
大同南,山阴,40
太姥山,温州南,40
郁南,肇庆东,40
南京南,肥东,40
蔡家崖,白文东,40
二龙山屯,龙镇,40
河东机场,中宁东,40
白奎堡,呼兰,40
呼和浩特,乌兰察布,40
大方,贵阳东,40
长宁,镇雄,40
隆昌北,成都东,40
襄垣东,晋城东,40
太原南,武乡,40
南杂木,抚顺北,40
华州,潼关,40
毕节,兴文,40
泉州,福清,40
东台,阜宁东,40
弋阳,衢州,40
吉首东,张家界西,40
绵阳,剑门关,40
蚌埠南,南京南,40
东营,博兴,40
樟树东,泰和,40
广州,东莞,40
峡江,南昌西,40
青岛机场,青岛,40
随州南,天河机场,40
高密北,淄博北,40
榆次,祁县,40
邵阳,娄底南,40
焉耆,马兰,40
胶州,平度西,41
甘洛南,喜德西,41
张家界西,龙山北,41
南宁东,来宾北,41
平顶山西,邓州东,41
建阳,建瓯,41
莱西,高密,41
赣州,信丰,41
山海关,抚宁,41
衡山西,郴州西,41
景德镇,乐平市,41
江山,鹰潭北,41
南阳,南召,41
义乌,江山,41
蒲江,成都南,41
成都东,邛崃,41
闽清北,南平市,41
芜湖,池州,41
柳州,宾阳,41
铜陵北,安庆,41
长春,德惠,41
西安北,彬州东,41
潜江,枝江北,41
福州,莆田,41
怀化,麻阳,41
六枝,安顺,41
衢州,诸暨,41
西安,渭南西,41
徐州,枣庄西,41
太原南,灵石东,41
大荔,闻喜西,41
长春,九台,41
广元,青莲,41
葫芦岛北,山海关,41
盘锦北,葫芦岛北,41
高邑西,安阳东,41
红安西,金寨,41
岳阳,汨罗,41
凯里,施秉,41
漳州,龙岩,41
漳浦,厦门,41
荆州,天门南,41
天津,静海,41
福州,宁德,41
连江,霞浦,41
锦州,沟帮子,41
普定,安顺,41
丹阳,高邮,41
桐梓北,珞璜南,41
达州,宣汉,41
佛山西,广宁,41
英吉沙,喀什,41
襄汾西,灵石东,41
繁昌西,安庆,41
汉中,广元,41
黄梅东,安庆,41
曲江,建水,41
龙南,信丰,41
清远,乐昌东,41
平度,青岛北,41
中宁,青铜峡,41
婺源,武夷山北,41
济南,禹城,41
雷州,湛江西,41
钦州东,南宁,41
永城北,兰考南,41
平山,尚志,41
威信,宜宾西,41
胜芳,保定东,41
轩岗,原平,41
百色,平果,41
迎春,虎林,41
一面坡,亚布力,41
许昌东,明港东,41
即墨北,青岛西,41
成都南,乐山,41
威海,烟台,41
新立屯,阜新南,41
诸暨,永康南,41
十堰东,襄阳东,41
怀仁东,大同,41
南充,广安南,41
海城西,沈阳北,41
石林,陆良,41
樟树,向塘,41
牡丹江,一面坡北,41
西柳,盘锦,41
钟祥,京山,41
海阳北,威海,41
涪陵,武隆,41
福利屯,新友谊,41
宝鸡,杨陵,41
广德南,杭州东,41
济南,淄博,42
南昌西,宜春,42
高台南,酒泉南,42
进贤南,上饶,42
山南,加查,42
三门峡,灵宝,42
杭州南,海宁,42
古北口,黑山寺,42
英德,源潭,42
呼和浩特东,萨拉齐,42
玉山南,抚州东,42
建宁县北,宁化,42
沈阳,台安,42
长临河,泾县,42
巫山,万州北,42
扎兰屯,碾子山,42
彰武,通辽,42
桂林北,全州南,42
芜湖,广德南,42
南昌西,庐山,42
浠水南,武汉,42
芜湖,巢湖,42
将乐,南丰,42
洋县西,鄠邑,42
杭州西,千岛湖,42
温州南,台州西,42
石家庄北,井陉,42
牡丹江,鸡西西,42
运城北,洪洞西,42
襄汾西,永济北,42
蓝村,莱西南,42
石家庄,晋州,42
曹子里,天津北,42
荔波,贵定县,42
盘州,安顺西,42
潮汕,汕尾,42
台州,温州南,42
前进镇,建三江,42
静海,沧州,42
富裕,拉哈,42
淮安东,江都,42
辽源,西丰,42
黄梅,九江,42
惠安堡,曲子,42
鹰潭,横峰,42
黎塘,贵港,42
江宁,湖州,42
永登,河口南,42
贵港,藤县,42
阿城,帽儿山,42
应城,京山,42
贵阳北,都匀东,42
长春西,开原西,42
郎溪南,杭州东,42
崇州,雅安,42
平昌,石梯,42
建宁县北,三明北,42
泰来,镇赉,42
曲靖,小新街,42
福安,福州南,42
平泉北,宁城,42
石家庄,定州,42
韶关东,始兴,42
成都东,眉山,42
东胜西,达拉特西,42
台安,锦州南,42
吉安,峡江,42
白洋淀,天津西,42
八面通,下城子,42
平原东,沧州西,42
东来,通辽,42
郑州,许昌,42
化念,墨江,42
通辽,舍伯吐,42
道州,双牌,42
长汀南,龙岩,42
于都,长汀南,42
白狼,五叉沟,42
锦界,榆林,42
清河,宣化北,42
南平市,德兴,42
漯河西,郑州,42
龙南东,河源东,42
合肥南,安庆西,42
永康南,衢州,42
西安,杨陵,42
滕州东,济南西,43
博罗北,深圳,43
进贤,南昌,43
滁州北,明光,43
青岛,高密北,43
襄阳,枣阳,43
大同,阳高,43
怀集,钟山西,43
阜阳,太和北,43
渠县,高兴,43
盐城大丰,张家港,43
柳河,三源浦,43
宁波,杭州南,43
商都,化德,43
曹妃甸东,唐山,43
德惠西,哈尔滨,43
西安北,佛坪,43
郑州,长葛,43
云阳,巴东,43
银川,红寺堡北,43
大石桥,鞍山,43
迤那,草海,43
寿县,合肥南,43
厦门,泉州,43
通辽,宝龙山,43
长春,扶余北,43
苍南,福安,43
葫芦岛,绥中,43
汾河,古交,43
哈尔滨,大庆东,43
大庆东,齐齐哈尔,43
青岛机场,临淄北,43
河口南,兰州,43
蜀河,白河县,43
昌邑,桃村北,43
淮安东,连云港,43
潼南,重庆北,43
建三江,富锦,43
商丘,徐州东,43
内江北,成都南,43
莱西,烟台,43
西乡,汉中,43
德州,禹城,43
正定机场,白沟,43
西宁,乐都,43
山丹马场,张掖西,43
盖州西,沈阳南,43
哈尔滨西,安达,43
呼和浩特,准格尔,43
定南南,博罗北,43
大港南,南京南,43
深圳东,东莞,43
杭州东,金华,43
丹徒,高邮北,43
美兰,万宁,43
金华,上饶,43
枣阳,孝感东,43
南昌西,弋阳,43
克一河,喀喇其,43
南平市,三明北,43
济南,泰山,43
桃山,庆安,43
贵阳北,大方,43
盐池,宁东,43
山海关,绥中,43
深圳坪山,陆丰,43
石家庄北,定州,43
德州,泊头,43
高邮,泗阳,43
铜仁,松桃,43
合肥,颍上北,43
北京西,涿州,43
月山,济源,43
当阳,宜昌东,43
中川机场,兰州,43
上海南,嘉善,43
辽中,凌海南,43
徐州东,泗阳,43
胜利镇,哈尔滨,43
庆城,甜水堡,43
潍坊北,青岛北,43
彰武,沈阳北,43
长寿北,石柱县,43
阿勒泰,北屯市,43
鹰潭北,南昌,43
通榆,洮南,43
菏泽,台前,43
佳木斯,太平镇,43
林东,查布嘎,43
三原,咸阳,43
丹东,本溪,43
龙游,诸暨,43
满洲里,嵯岗,44
泰和,于都,44
烟台南,即墨北,44
甘谷,陇西,44
汉口,仙桃西,44
沈阳北,四平东,44
德州东,天津南,44
杭州,诸暨,44
绥化,庆安,44
高安,萍乡北,44
常州北,上海,44
辽源,东丰,44
苏州北,南京南,44
安阳,卫辉,44
桂林北,恭城,44
石河子,奎屯,44
潍坊北,莱阳,44
甜水堡,河东机场,44
独山东,贵阳,44
长春,昌图西,44
青岛西,厉家寨,44
南京南,常州,44
合肥,巢湖,44
南陵,合肥南,44
徐州,淮北,44
杭州东,嘉兴,44
蒙山,日照西,44
济南东,潍坊北,44
梁平南,复盛,44
宣城,德清,44
郑州东,平顶山西,44
枣阳,随州,44
溆浦,辰溪,44
抚州,建宁县北,44
鲘门,潮阳,44
武昌,咸宁,44
毕节,贵阳东,44
平遥古城,临汾西,44
曲靖北,普安县,44
北京,蓟州,44
明水河,五叉沟,44
温州南,缙云西,44
通州西,怀柔,44
涿州东,正定机场,44
新民,大虎山,44
商丘,兰考,44
杭州东,金华南,44
沈阳,彰武,44
兰州西,海东,44
秦皇岛,唐山西,44
忻州,阳曲,44
怀化南,隆回,44
烟台,蓬莱市,44
阜阳西,商丘,44
三亚,博鳌,44
吕梁,文水,44
青岛西,岚山西,44
和平北,惠州北,44
胜利镇,达连河,44
砀山,徐州,44
宝坻,北京,44
七台河,勃利,44
运城,永济,44
信阳,广水,44
怀柔北,顺义,44
东莞南,龙川西,44
南昌,新干东,44
双水镇,阳江,44
喀左,阜新,44
郑州航空港,周口东,44
海石湾,平安驿,44
恩平,马踏,44
淮北,宿州,44
兰州,秦王川,44
玉门,嘉峪关南,44
保定,涿州,44
南京南,湖州,45
沈阳,铁岭,45
柳州,永福南,45
石家庄,白洋淀,45
唐河,桐柏,45
沧州西,济南西,45
冠豸山南,漳平西,45
巍山,云县,45
烟台,桃村,45
霍州,灵石,45
宝应,泰州,45
阳泉北,太原南,45
桂林北,鹿寨北,45
桂林西,恭城,45
河津,韩城,45
衡阳,耒阳,45
重庆北,武胜,45
麻城北,六安,45
观音机场,淮安东,45
怀化,辰溪,45
赶水东,遵义,45
邵阳西,邵东,45
上海虹桥,杭州东,45
双城北,长春西,45
阳西,开平南,45
大石寨,乌兰浩特,45
福州,建瓯西,45
锦州,义县,45
遵义,贵阳北,45
广水,孝感,45
大余,始兴,45
六盘水,安顺西,45
天镇,柴沟堡,45
歙县北,无为,45
菏泽,梁山,45
西安北,宝鸡南,45
汨罗东,咸宁北,45
樟树东,向塘,45
庆阳,乾县,45
白河东,旬阳,45
营口东,沈阳,45
定边,靖边,45
永安南,龙岩,45
福鼎,罗源,45
九三,讷河,45
神木西,榆林,45
青州市,高密,45
榆林,绥德,45
方正,宾西北,45
邵阳北,长沙南,45
金城江,南丹,45
井冈山,炎陵,45
佳木斯,桦南东,45
松桃,秀山,45
进贤,鹰潭,45
李家,北安,45
乌伊岭,新青,45
武昌,天门南,45
罗山,潢川,45
尖峰,三亚,45
南昌,丰城,45
晋中,霍州东,45
嵯岗,完工,45
冠豸山,龙岩,45
德昌西,盐边,45
广州南,香港西九龙,45
湖口,景德镇北,45
大余,赣州,45
高邮,灌南,45
杭州南,千岛湖,45
成都东,青莲,45
政和,屏南,45
佛山西,南江口,46
金城江,宜州,46
万州北,长寿湖,46
天水,甘谷,46
高碑店东,石家庄,46
大理,南华,46
威海,莱阳,46
连云港,阜宁东,46
佳木斯,高楞,46
尚志南,哈尔滨,46
郑州东,邯郸东,46
高密,莱阳,46
寒葱沟,前锋,46
古浪,天祝,46
南阳东,长葛北,46
乐山,成都东,46
赣州西,吉安西,46
普宁,惠东南,46
郑州东,驻马店西,46
大兴,齐齐哈尔,46
赣州,兴国,46
隆昌北,重庆北,46
郴州,坪石,46
上海虹桥,常熟,46
綦江东,娄山关南,46
郴州西,英德西,46
连云港,徐州东,46
宁波,杭州东,46
巩义,关林,46
宣化,沙城,46
牡丹江,尚志南,46
焦作,长治东,46
莆田,厦门北,46
渭南北,运城北,46
康金井,哈尔滨东,46
萨拉齐,包头,46
章丘,昌乐,46
滁州,宿州东,46
共青城,阳新,46
惠阳,葵潭,46
攀枝花南,元谋西,46
烟台南,平度,46
西昌西,越西,46
广州东,东莞南,46
石人城,绥化,46
承德县北,辽宁朝阳,46
万源,紫阳,46
黎塘,来宾,46
皮山,叶城,46
敦煌,瓜州,46
武穴,浠水,46
太谷东,长治东,46
冕宁,甘洛南,46
安阳东,石家庄,46
长沙,汨罗,46
德惠,五棵树,46
新会,阳东,46
原平西,太原南,46
贵溪,万年,46
三门县,乐清,46
张维屯,绥化,46
宁波,临海,46
加格达奇,小扬气,46
灌云,高邮北,46
武乡,高平东,46
盐城,泗阳,46
新乡,郑州,46
鹤岗,佳木斯,46
青岛,高密,46
富锦,新友谊,46
哈尔滨,阿城,46
大方,兴文,46
阳东,江门,46
郑州东,西华,46
兴城西,秦皇岛,46
西安,陈庄,46
成都东,大英东,46
建瓯,延平东,46
武夷山,建阳,46
大板,林西,46
潮汕,漳州,46
隆昌北,成都南,46
承德南,建平,46
常熟,海安,46
张掖西,清水北,46
遂宁,合川,46
聊城,梁山,46
西安,蒲城东,46
眉山东,屏山,46
洛阳,义马,46
宿州,蚌埠,46
新化南,湘潭北,46
贵定北,三穗,47
敖汉,奈曼,47
太谷,介休,47
乌鲁木齐南,吐鲁番北,47
合肥南,凤台南,47
杭州,嘉兴,47
白城,乌兰浩特,47
耒阳西,韶关,47
太原,文水,47
双辽,八面城,47
梅州,兴宁,47
重庆北,内江北,47
阜新,沈阳北,47
贵阳东,遵义,47
普者黑,富宁,47
大同,应县,47
鞍山西,瓦房店西,47
从江,都匀东,47
铜陵,合肥南,47
酉阳,黔江,47
石家庄,邢台,47
孟塬,渭南,47
确山,信阳,47
兰州西,白银南,47
昆明,曲靖北,47
通化县,五女山,47
南阳,邓州,47
银川,惠安堡,47
大连北,盖州西,47
大杨树,讷尔克气,47
沈阳,阜新,47
石林西,普者黑,47
喀喇其,伊图里河,47
熊岳城,瓦房店,47
襄阳东,兴山,47
镇平,西峡,47
安庆,芜湖南,47
洛川东,蒲城东,47
六枝南,贵阳北,47
义乌,丽水,47
桃村北,青岛北,47
原平西,应县,47
庄河北,金州,47
呼兰,兴隆镇,47
阎良,铜川东,47
下花园北,北京北,47
临汾,侯马,47
北京朝阳,安匠,47
宜城,荆门,47
大安,到保,47
背荫河,平房,47
达州,营山,47
北安,二龙山屯,47
乌兰察布,张家口,47
信阳,驻马店,47
高平,晋城,47
四平东,沈阳,47
张家口,清河,47
唐山,山海关,47
平阳,福安,47
厦门北,诏安,47
扬州东,涟水,47
汉口,孝感,47
海城,盖州,47
天水南,定西北,47
榕江,贵定县,47
化州,廉江,47
长沙,湘潭,47
深圳北,汕尾,47
潼南,重庆西,47
梧州南,贵港,48
南京南,合肥南,48
牛家,香坊,48
南阳,内乡,48
泰州,南通西,48
西昌西,米易东,48
盘锦北,兴城西,48
城固北,鄠邑,48
鄂州,武昌,48
白音察干,集宁南,48
安口窑,平凉,48
贵阳北,毕节,48
普安县,贵安,48
南岔,浩良河,48
奉节,神农架,48
息县,信阳,48
大虎山,新立屯,48
西安,阎良,48
衡阳东,邵东,48
永泰,三明北,48
玉溪,昆明,48
路口铺,赤壁,48
河源东,深圳北,48
西双版纳,勐腊,48
潍坊,城阳,48
扬州东,南京,48
漳平西,三明北,48
济南东,青州市,48
定远,徐州东,48
惠州,河源,48
昆明,广通北,48
枣庄西,邹城,48
朱砂古镇,凯里南,48
清涧县,延安,48
南京,扬州,48
南昌,峡江,48
海城西,金普,48
山阴,忻州西,48
开原西,长春,48
九江,黄石北,48
禄丰南,元谋西,48
洋县西,西安西,48
大石寨,索伦,48
大明湖,淄博,48
广州北,乐昌东,48
随州南,汉口,48
百色,隆安东,48
武胜,重庆西,48
镇雄,宜宾西,48
南充,大英东,48
内江北,泸州,48
鹰潭北,衢州,48
金华南,杭州南,48
枣庄西,兖州,48
葫芦岛北,盘锦,48
兰州西,通渭,48
广元,阆中,48
合肥南,潜山,48
郑州东,商丘,49
梧州南,肇庆东,49
唐山,曹妃甸港,49
舒城,合肥,49
唐山,滦县,49
上海南,嘉兴,49
汉口,信阳东,49
长沙南,耒阳西,49
唐山,迁安,49
德州,衡水,49
滕州东,济南,49
商丘,亳州,49
武汉,岳阳东,49
清原,南杂木,49
光山,淮滨,49
广元,绵阳,49
南京,无锡,49
富源北,昆明南,49
吉水西,南昌西,49
乐山,长宁,49
龙市,茶陵南,49
衡阳,祁东,49
河东里,东风南,49
和平北,仲恺,49
北票,平泉北,49
哈尔滨西,大庆东,49
哈尔滨,大庆西,49
杭州东,千岛湖,49
准格尔,东胜东,49
台州,绍兴北,49
西安北,三门峡南,49
兖州,泰山,49
崖州,东方,49
邢台东,新乡东,49
凤州,秦岭,49
南充,土溪,49
金州,瓦房店,49
德令哈,乌兰,49
桂平,来宾北,49
贵港,南宁,49
涪陵北,黄水,49
丰城东,万安县,49
密山,东海,49
全州南,桂林,49
扬州东,阜宁南,49
晋州,衡水,49
渭源,哈达铺,49
仙桃,武昌,49
德安,大冶北,49
泾县,合肥南,49
清原,山城镇,49
唐山,塘沽,49
抚远,寒葱沟,49
海拉尔,大雁,49
信阳东,许昌东,49
砀山南,开封北,49
虢镇,武功,49
青水山,讷河,49
镇安,引镇,49
营口东,沈阳北,49
德阳,青川,49
株洲,衡山,50
合肥南,蚌埠南,50
建水,蒙自,50
完工,海拉尔,50
阿里河,加格达奇,50
霞浦,温州南,50
渑池南,郑州东,50
樟树,进贤,50
贵阳北,三都县,50
仙桃西,枝江北,50
长寿北,万州北,50
连江,支提山,50
祥云,广通北,50
阳泉,娘子关,50
阳朔,贺州,50
漯河,周口,50
赤壁北,长沙南,50
两家,白城,50
宁德,苍南,50
芜湖南,湖州,50
枣庄,济南西,50
库都尔,岩山,50
潍坊北,青岛西,50
富源北,关岭,50
乐昌东,衡阳东,50
嘉峪关南,高台南,50
淮北,涡阳,50
潮汕,鲘门,50
银川,青铜峡,50
杭州东,宣城,50
蚌埠南,枣庄,50
西安北,永济北,50
曲阜东,宿州东,50
防城港北,南宁东,50
泰和,兴国,50
重庆西,桐梓北,50
三河县,北京,50
怀柔南,平泉北,50
辽宁朝阳,黑山北,50
横道河子,亚布力,50
玉林,贵港,50
扬州东,无锡,50
渑池南,渭南北,50
株洲,湘乡,50
义乌,玉山南,50
常德,张家界西,50
昆玉,皮山,50
蔡家沟,德惠,50
南阳,唐河,50
德州,沧州,50
淮南,颍上,50
阜宁南,睢宁,50
天津西,青县,50
金华南,青田,50
珠琳,弥勒,50
张家港,盐城,50
武夷山北,三明北,50
泰州,东台,50
东乡,丰城,50
济南西,济宁北,50
呼和浩特东,兴和北,50
衡水,清河城,50
玉田南,秦皇岛,50
博克图,喇嘛山,50
瑞昌西,南昌西,50
锦州,兴城,50
鲅鱼圈,沈阳南,50
乌海,巴彦高勒,50
庄河北,丹东,50
依兰,胜利镇,50
北京丰台,高碑店,50
河源东,深圳,50
夏格庄,烟台,50
临邑,德州,50
郑州东,周口东,51
北京南,沧州西,51
阳泉北,太原,51
滦县,秦皇岛,51
广州南,韶关,51
凯里,福泉,51
承德南,北京朝阳,51
吉安,新干,51
淄博北,德州东,51
辽中,锦州南,51
南京南,合肥,51
汉口,潜江,51
连云港,新沂,51
郓城,聊城,51
太谷西,洪洞西,51
临澧,汉寿南,51
柞水,引镇,51
临汾,霍州,51
三门峡,渑池,51
清河城,聊城,51
深州,任丘,51
毕节,长宁,51
怀化南,娄底南,51
焦作,新乡,51
鸡西,西麻山,51
威海,莱西,51
涿州东,石家庄,51
神树,朗乡,51
桐梓东,珞璜南,51
贺州,广宁,51
来宾,柳州,51
北京丰台,定州东,51
邵东,娄底,51
扎兰屯,巴林,51
泰安,徐州东,51
阜阳,涡阳,51
银浪,新华屯,51
王岗,哈尔滨东,51
伊春,西林,51
厦门,云霄,51
墨江,峨山,51
彭山,沙湾南,51
山海关,唐山西,51
北京西,高碑店,51
北安,克山,51
海口,白马井,51
赣州西,吉水西,51
鄱阳北,九江,51
秦安,榆中,51
呼和浩特,包头东,51
东方,三亚,51
襄汾西,平遥古城,51
太原南,霍州东,51
杭州东,溧水,51
南召,宝丰,51
织金,普定,51
赣州西,龙川西,51
通辽,门达,51
泾川,平凉南,51
江油,成都东,51
深圳坪山,葵潭,51
成都东,永川东,51
惠州北,定南南,51
盖州西,沈阳,51
青岛西,莒南北,51
汝州,鲁山,51
龙里北,榕江,51
萍乡,株洲,51
衡阳东,永州,51
乐清东,宁海,51
双辽,保康,51
石家庄北,辛集,51
玉山,衢州,51
本溪,苏家屯,52
野三关,恩施,52
谷城,襄阳,52
铁岭西,长春西,52
惠安堡,庆城,52
新乡,汤阴,52
荆州,汉川,52
榆次,平遥,52
南宁,来宾北,52
兰州西,海东西,52
玉门,瓜州,52
华山北,洛阳龙门,52
尤溪,莆田,52
哈尔滨西,尚志南,52
定西,陇西,52
吕梁,交城,52
原平,山阴,52
阳江,江门,52
修文县,桐梓东,52
大港南,淮安东,52
新化南,长沙南,52
潍坊,即墨北,52
临清,衡水,52
佳木斯,香兰,52
凯里南,芷江,52
抚州,南昌,52
临沧,小湾东,52
天津西,德州东,52
温州,青田,52
晋城东,郑州,52
成都东,荣昌北,52
青岛西,莱西,52
濮阳东,郑州东,52
永康南,温州南,52
宣城,杭州西,52
从江,桂林西,52
安阳,新乡,52
鲅鱼圈,大连,52
海口东,白马井,52
太谷东,长治南,52
商南,西峡,52
平庄,平泉北,52
高邑西,鹤壁东,52
承德南,辽宁朝阳,52
河源东,信丰西,52
连珠山,鸡东,52
上海虹桥,张家港,52
上海,常熟,52
富裕,依安,52
永仁,广通北,52
齐齐哈尔,江桥,52
平邑,临沂,52
龙川,河源,52
郑州航空港,方城,52
枣强,临清,52
察素齐,呼和浩特东,52
道州,零陵,52
红彦,嫩江,52
阜南,潢川,52
大兴,泰来,52
瓦房店西,盘锦,52
大同南,张家口,52
南昌西,南城,52
绍兴,诸暨,52
郑州,兰考,52
炎陵,安仁,52
饶平,厦门北,52
引镇,渭南,52
北京丰台,霸州西,53
吉安西,南昌西,53
乌鲁木齐,吐鲁番北,53
丹东,凤凰城,53
大连北,营口东,53
济宁东,济南西,53
孝感东,襄阳东,53
桐梓北,息烽,53
天津西,沧州,53
亳州,阜阳,53
广州,源潭,53
泰宁,抚州,53
邯郸,广平,53
合肥南,安庆,53
临潼,华山,53
保定,霸州西,53
阿瓦提,阿拉尔,53
墨江,普洱,53
重庆北,丰都,53
兴宁,龙川,53
干塘,景泰,53
秦皇岛,葫芦岛北,53
滨海西,秦皇岛,53
固安,任丘,53
海城,盘锦,53
东方,银滩,53
海拉尔,扎罗木得,53
辽阳,瓦房店西,53
长治,高平,53
郴州,耒阳,53
杭州,上海虹桥,53
南通,泰州,53
赣州,瑞金,53
汉口,随县,53
张家川,安口窑,53
石家庄,鹤壁东,53
资阳北,重庆西,53
重庆北,梁平南,53
大林,双辽,53
巩义,郑州,53
丰城,新余,53
太湖,黄梅,53
淮安东,扬州,53
漠河,阿木尔,53
定州东,北京西,53
甘河,克一河,53
泗阳,扬州东,53
乐山北,成都南,53
长沙南,新余北,53
中宁东,银川,53
宣城,宁国,53
临泽南,酒泉南,53
广州南,云浮东,53
唐山北,三河县,53
北京,廊坊北,53
武乡,晋城东,53
吕梁,绥德,53
天津,芦台,53
阳泉北,石家庄北,54
吴忠,环县,54
万源,宣汉,54
哈尔滨西,长春西,54
长发屯,桦南,54
瑞安,福安,54
惠东南,潮阳,54
宁波,台州西,54
洛阳,渑池,54
菏泽,嘉祥,54
九江,南昌,54
保康,通榆,54
青岛北,青州市北,54
宜宾西,眉山东,54
宁县,西安北,54
保定东,天津西,54
吉林,敦化,54
普宁,惠阳,54
尤溪,福州,54
商丘南,定陶,54
韶关东,英德,54
龙岩,瑞金,54
永城北,开封北,54
玉溪,建水,54
沈阳北,公主岭南,54
乌奴耳,博克图,54
镇江南,上海虹桥,54
云阳,兴山,54
台安,葫芦岛北,54
武昌,孝感,54
成都东,大足南,54
扬州东,南京南,54
甘洛南,峨眉,54
鹰潭北,龙游,54
吴桥,沧州,54
哈尔滨东,石人城,54
扬州东,建湖,54
明港东,武汉,54
南宁,田东北,54
烟台,即墨北,54
陆川,河唇,54
杭州,绍兴,54
舍伯吐,扎鲁特,54
珠斯花,西哲里木,54
庐山,安庆,54
简阳南,沙坪坝,54
巴东,万州北,54
安庆,芜湖,54
云梦,随州,54
大通西,山丹马场,54
文登,乳山,54
日照西,红岛,54
章丘,潍坊,54
福州南,霞浦,54
丰都,利川,54
侯马西,介休东,54
徐闻,雷州,54
渭南北,闻喜西,54
桐庐,黄山北,54
鹰潭,上饶,54
宜昌东,野三关,55
萍乡北,南昌西,55
盘锦北,沈阳北,55
颍上北,合肥南,55
沈阳,抚顺北,55
轮台,库车,55
南宁东,桂平,55
遵义,綦江东,55
锦州南,山海关,55
郴州西,株洲西,55
秦岭,宝鸡,55
长治东,晋中,55
合川,大英东,55
昆山南,南京南,55
沈阳,鞍山,55
汉中,鄠邑,55
天津北,宝坻北,55
龙游,杭州东,55
西安西,城固北,55
青岛北,潍坊,55
邵东,洞口,55
麻阳,吉首,55
新民北,辽宁朝阳,55
大连,普兰店,55
东戴河,锦州南,55
柳州,贵港,55
庆阳,甜水堡,55
横道河子,海林,55
合肥,阜阳西,55
南京南,无锡,55
淮安东,海安,55
红安西,六安,55
石梯,达州,55
青岛西,青岛,55
杨柳青,廊坊北,55
宁城,承德南,55
德州,晏城,55
阜阳,霍邱,55
太湖,怀宁,55
峨边南,眉山,55
尚志,亚布力,55
德令哈,柯柯,55
十堰,白河东,56
东莞东,广州东,56
嘉兴,杭州南,56
绥化,绥棱,56
娄底,冷水江东,56
三水南,怀集,56
上饶,南昌西,56
承德县北,北票,56
兰州,皋兰,56
商丘南,菏泽,56
宝坻,秦皇岛,56
西安北,洋县西,56
徐州,邳州东,56
天津,曹子里,56
北京北,张家口,56
肇东,大庆,56
成都东,遂宁,56
济南西,衡水北,56
徐州东,济南西,56
济南,青州市,56
桃村,乳山,56
四平,铁岭,56
白城,大安,56
蓝村,平度西,56
青岛,潍坊北,56
包头东,呼和浩特东,56
桑植,来凤,56
潼关,渭南,56
南阳东,郑州航空港,56
申家店,桦南,56
沈阳,新民,56
邯郸,临城,56
衡水,任丘,56
深圳北,陆丰,56
牡丹江,七台河西,56
仙桃西,武昌,56
民权北,徐州东,56
大荔,襄汾西,56
厦门北,龙岩,56
兖州,平邑,56
上海,张家港,56
托克托东,东胜东,56
珠海,广州南,56
大石桥,盘锦,56
福州,南平市,56
灌南,扬州东,56
青岛北,烟台南,56
富县东,蒲城东,56
扬州,全椒,56
青岛机场,日照西,56
龙南东,惠州北,56
海安,扬州,56
徐州东,淮安东,56
上海南,昆山,56
宜昌东,潜江,56
太谷西,临汾西,56
北海,南宁东,57
通化,三源浦,57
三明,南平市,57
长春,双阳,57
哈达铺,陇南,57
郴州西,清远,57
宾阳,藤县,57
璧山,成都东,57
西丰,开原,57
德州东,廊坊,57
霍林郭勒,西哲里木,57
东莞,广州北,57
吐列毛杜,白音胡硕,57
阿克苏,阿瓦提,57
北京,玉田南,57
驻马店西,郑州,57
富锦,红兴隆,57
蚌埠南,滕州东,57
福鼎,连江,57
大理,楚雄,57
德阳,成都西,57
赣州西,河源北,57
纳雍,织金,57
北安,通北,57
晏城,聊城,57
天津南,济南西,57
贵阳东,娄山关南,57
济南,枣庄,57
荔波,贵阳,57
雅安,成都西,57
沧州西,济南东,57
化州,文地,57
温州南,三门县,57
长沙,益阳,57
夏格庄,威海,57
宿迁,盐城,57
朗县,米林,57
泰州,淮安东,57
郁南,佛山西,57
蓝村,莱阳,57
邓州,襄阳,57
衢州,杭州南,57
德昌西,攀枝花南,57
义乌,上饶,57
灵宝,潼关,57
绍兴北,温岭,57
化念,昆明南,57
哈拉海,长春,57
图们北,延吉,57
防城港北,南宁,57
鹤壁,邯郸,57
襄阳东,巴东,57
芜湖,湖州,57
通州西,怀柔北,57
昆明,楚雄,58
江华,贺州,58
宜宾西,彭山北,58
山阴,阳曲西,58
酒泉,金塔,58
驻马店西,武汉,58
长沙南,咸宁北,58
兰州西,西宁,58
集宁南,丰镇,58
梧州,岑溪,58
义县,阜新南,58
镇雄,贵阳东,58
靖边,绥德,58
沈阳,盘锦北,58
衡阳东,韶关,58
汉口,云梦,58
邵阳,衡阳东,58
南丰,三明北,58
广南县,百色,58
从江,桂林北,58
烟台,徐家店,58
瑞昌西,武汉,58
泰山,晏城,58
洪洞西,晋中,58
贵定北,铜仁南,58
重庆北,高兴,58
临潼,蒲城东,58
柳园南,玉门,58
衡阳,祁阳,58
鲅鱼圈,沈阳,58
南通西,安亭西,58
屏山,新津,58
来宾北,平南南,58
安口窑,陇县,58
峨眉山,成都东,58
桃山,朗乡,58
衡山西,乐昌东,58
鞍山西,锦州南,58
龙洞堡,榕江,58
宿州东,南京南,59
衡阳,安仁,59
方正,佳木斯,59
宁洱,元江,59
灵丘,涞源,59
佳木斯,丰乐镇,59
怀化南,凯里南,59
呼和浩特,包头,59
永平县,大理,59
新沂,临沂东,59
吉林,九台,59
小湾东,大理,59
上海虹桥,南京南,59
五营,汤旺河,59
南岔,西林,59
陇南,广元,59
成都东,自贡,59
弥勒,广南县,59
南宁西,百色,59
阿里河,吉文,59
长春,铁岭西,59
锦州,盘锦,59
杭州东,武义北,59
哈尔滨,蔡家沟,59
西双版纳,磨憨,59
北京丰台,霸州,59
潞城,黎城,59
吉安西,南昌,59
榆社西,晋城东,59
雅安,成都南,59
富源北,安顺西,59
德州,商河,59
厦门北,潮汕,59
济南东,高密北,59
霸州,保定,59
潍坊,夏格庄,59
枝江北,天门南,59
杭州东,衢州,59
北京西,石家庄,60
济源,焦作,60
北京丰台,白沟,60
重庆西,桐梓东,60
达州,平昌,60
吉林,大石头南,60
七台河西,佳木斯,60
青岛西,莱阳,60
信阳,桐柏,60
滁州,徐州东,60
广安,达州,60
平度,济南东,60
三江南,三都县,60
黑山北,喀左,60
长春,四平,60
福利屯,佳木斯,60
郑州东,信阳东,60
坪石,韶关东,60
北戴河,唐山北,60
绩溪县,黄山,60
张家港,泰州,60
娄底南,邵阳西,60
井冈山,吉安,60
太平川,黑水,60
广州南,乐昌东,60
贵阳,贵定,60
吴忠,曲子,60
呼和浩特东,集宁南,60
大同,山阴,60
阳平关,勉县,60
毕节,宜宾西,60
廉江,陆川,60
大连,盖州西,60
南京南,杭州东,60
玉田县,滦县,60
襄阳东,平顶山西,60
三门峡,义马,60
兴国西,丰城东,60
合肥,庐江,60
复盛,万州北,61
华山北,巩义南,61
南岔,香兰,61
枣庄,定远,61
南宁东,柳州,61
清水,嘉峪关,61
新晃西,贵定北,61
汉中,西安西,61
广州,东莞南,61
浠水,麻城,61
安阳,邢台,61
桂林北,东安东,61
城阳,烟台,61
淮南,合肥,61
墨江,玉溪,61
承德南,北票,61
青岛西,临沂北,61
杭州东,永康南,61
惠阳,潮阳,61
巨野北,济南西,61
谷城,十堰,61
安化,溆浦,61
杨林,昆明,61
潢川,阜阳,61
牡丹江,绥芬河,61
固始,六安,61
洞口,杨桥,61
松滋,石门县北,61
宁波,上虞,61
武汉,金寨,61
渑池南,西安北,61
仙游,尤溪,61
太原,汾阳,61
海城,熊岳城,61
赤壁,岳阳,61
长春西,哈尔滨,61
广元,德阳,62
哈尔滨,方正,62
重庆北,涪陵,62
西乡,汉阴,62
平顶山,漯河,62
郑州东,三门峡南,62
贵阳北,三穗,62
天津,青县,62
云梦,武昌,62
平昌,土溪,62
沈阳北,鲅鱼圈,62
亚布力西,哈尔滨,62
镇雄,贵阳北,62
铜仁,凯里南,62
桐梓东,贵阳北,62
潍坊,胶州,62
潍坊,青岛西,62
郑州东,砀山南,62
武昌,潜江,62
沙坪坝,成都东,62
靖边,子洲,62
广州南,南江口,62
柳州,宜州,62
西安北,城固北,62
庐江西,庐山,62
威舍,罗平,62
武义北,温州南,62
涉县,黎城,62
大明湖,禹城,62
太原南,长治东,62
祥云,禄丰南,62
广宁,广州南,62
英德西,耒阳西,62
苍溪,南充北,62
怀柔,北京,62
大港南,涟水,62
莎车,英吉沙,62
曲靖北,关岭,62
宝坻北,天津,62
温岭,宁波,62
辽阳,金普,62
清河,雁栖湖,62
平阳,宁德,62
白奎堡,哈尔滨东,63
朗乡,铁力,63
石家庄,新乡东,63
遂宁,南部,63
上海虹桥,南通西,63
桂林,柳州,63
南京南,上海,63
湛江西,廉江,63
蕲春,九江,63
大方南,织金,63
昆明南,普者黑,63
昆明,曲靖,63
明光,南京,63
月山,晋城,63
宁东,银川,63
玉屏,镇远,63
广宁,钟山西,63
大理,云县,63
渭源,兰州,63
福安,温州南,63
周宁,政和,63
锦州,大虎山,63
深圳,广州东,63
简阳南,重庆西,63
九江,南昌西,63
唐山,北京,63
沈阳北,开原,63
宾州,依兰,63
凯北,虎林,63
侯马西,渭南北,63
合肥南,绩溪北,63
密山,鸡东,63
正定机场,北京西,63
佛山西,怀集,63
新乡东,高邑西,63
伊通,辽源,63
信丰,定南,63
合浦,南宁,63
光山,麻城,63
鄂尔多斯,达拉特西,63
贵阳东,榕江,64
包头,乌拉特前旗,64
正镶白旗,桑根达来,64
拉萨,山南,64
峨眉,成都南,64
蔡家坡,咸阳,64
广州北,英德,64
长春西,沈阳北,64
赣州西,河源东,64
越西,沙湾南,64
洛阳龙门,渭南北,64
怀化南,韶山南,64
阳谷,菏泽,64
宜昌东,枝城,64
海拉尔,牙克石,64
枣阳,汉口,64
北海,南宁,64
兴山,万州北,64
马鞍山,南京,64
白山市,通化,64
威信,贵阳东,64
白河县,十堰,64
赤峰南,四道湾,64
郑州东,邢台东,64
佛山西,梧州南,64
昌黎,唐山,64
巴林,博克图,64
九江,宿松,64
临沂北,济南西,64
龙江,齐齐哈尔,64
北京丰台,天津西,64
大理,鹤庆,64
太原南,洪洞西,64
淮安东,丹阳,64
北京丰台,石家庄,64
景德镇北,九江,64
西安北,运城北,64
盐城,扬州东,64
神农架,云阳,64
桃源,汉寿南,64
包头,东胜西,64
大板,林东,65
桂林北,钟山西,65
临泽南,嘉峪关南,65
遂宁,重庆北,65
长沙南,郴州西,65
甘旗卡,沈阳,65
临河,乌拉特前旗,65
汨罗东,武汉,65
石家庄北,临城,65
厦门,莆田,65
商丘,菏泽,65
新华屯,大庆西,65
北京丰台,保定,65
扎兰屯,龙江,65
西宁,山丹马场,65
兰州西,秦安,65
泰来,白城,65
鹰潭北,金华,65
铜仁,怀化,65
瑞安,宁德,65
西安北,庆阳,65
宜昌东,仙桃西,65
天津,沧州,65
塔河,新林,65
荔波,贵阳北,65
哈尔滨西,扶余,65
广州北,郴州西,65
上饶,南昌,65
平南南,南宁东,65
潍坊,莱西,65
甘洛南,乐山北,65
烟台南,潍坊北,65
镇江,淮安东,65
小市,本溪,66
庐山,武汉,66
徐州东,南京南,66
秦岭,凤县,66
哈尔滨东,兴隆镇,66
阳高,柴沟堡,66
江都,南京,66
庆阳,惠安堡,66
酒泉南,张掖西,66
阜阳西,合肥南,66
济南,昌乐,66
灵宝,孟塬,66
嘉峪关,玉门,66
喜德西,峨边南,66
东至,池州,66
淄博北,青岛北,66
东至,彭泽,66
钟山西,桂林西,66
黔江,武隆,66
营口东,大连,66
乌鲁木齐,石河子,66
宣城,长兴南,66
咸阳,阎良,66
溆浦南,长沙南,66
四合永,隆化,66
义乌,青田,66
西昌西,甘洛南,66
菏泽,济宁,66
宿州东,泰安,66
都匀东,三江南,66
锦州北,宁城,66
恭城,怀集,66
麻城,潢川,66
金塔,河东里,66
阿木尔,盘古,66
麻城北,合肥南,66
桦南,佳木斯,66
孟塬,临潼,66
青岛北,日照西,67
烟台,青岛北,67
贵阳北,盘州,67
湘潭,娄底,67
重庆西,娄山关南,67
三明北,莆田,67
石柱县,恩施,67
小市,八里甸子,67
徐州,夏邑县,67
岷县,陇南,67
衡山西,韶关,67
侯马,运城,67
宜昌东,高坪,67
环县,河东机场,67
向塘,新干,67
哈尔滨,双龙湖,67
潮汕,惠阳,67
太姥山,福州南,67
贵阳东,铜仁南,67
盘州,昆明南,67
菏泽,聊城,67
盐城,睢宁,67
宜春,醴陵,67
眉山,成都西,67
大理,广通北,67
佛山,肇庆,67
西安,蔡家坡,67
连云港,盐城,67
达州,开江,67
宝鸡,咸阳西,67
武夷山北,福州,67
富顺,成都南,67
泰山,禹城,67
汉口,金寨,67
秦皇岛,锦州南,67
兴国,吉安,67
沙城,张家口,67
锦州北,鲅鱼圈,67
绥化,呼兰,67
济南东,潍坊,67
赛乌苏,赛汗塔拉,68
郑州东,南阳东,68
黄梅,天柱山,68
北票,沈阳北,68
曲阜东,蚌埠南,68
董家口,莱西,68
长春,哈尔滨西,68
三明北,南城,68
苇河,横道河子,68
贺州,肇庆东,68
永城北,郑州东,68
三明北,福州,68
徐州,商丘,68
北京丰台,任丘,68
中卫,干塘,68
哈密,吐哈,68
奎屯,克拉玛依,68
同江,富锦,68
通辽,开鲁,68
西安,华州,68
珞璜南,遵义,68
鞍山西,大连北,68
隆回,娄底南,68
南江口,贵港,68
老城镇,棋子湾,68
沈阳北,凌海南,68
桂林北,柳州,68
德清西,广德,69
信阳,潢川,69
青岛,潍坊,69
商城,六安,69
通远堡,本溪,69
南昌,东乡,69
石柱县,重庆北,69
武穴,黄州,69
遂宁,阆中,69
高密北,日照西,69
广元,广汉北,69
洛阳,济源,69
泰来,三间房,69
兰州西,永登,69
渭南北,襄汾西,69
金昌,山丹,69
长治南,太原南,69
烟台南,高密,69
镇江,苏州,69
济南西,天津西,69
泡子,甘旗卡,69
哈尔滨,扶余,69
屏山,成都南,69
许昌,驻马店,69
太原南,临汾西,69
沈阳,长春西,69
北滩,河东机场,69
莱阳,潍坊,70
饶阳,霸州,70
新友谊,宝清,70
临澧,慈利,70
吴忠,庆城,70
西安北,汉中,70
集宁南,商都,70
上海南,海宁,70
瑞昌,黄石,70
涪陵北,利川,70
惠州,深圳东,70
山海关,兴城,70
安陆,武昌,70
徽县,略阳,70
应县,原平,70
宝龙山,通榆,70
惠农,银川,70
日照西,临沂,70
孟塬,永济,70
靖远,白银市,70
大理,保山,70
肇庆东,平南南,70
德州,济南,70
太谷西,侯马西,70
嘉峪关南,张掖西,70
徐州东,济南,70
武昌,应城,70
滁州北,蚌埠,70
辽宁朝阳,沈阳北,70
惠州北,信丰西,70
宁德,温州南,70
南充北,合川,70
榕江,桂林西,70
太原,平遥,70
涪陵,彭水,70
葵潭,深圳北,71
四道湾,奈曼,71
大通西,民乐,71
广州,东莞东,71
石家庄,保定,71
重庆北,万州北,71
吉安,樟树东,71
太原,忻州,71
娄底,新化,71
中卫,同心,71
精河南,乌苏,71
潍坊北,牟平,71
天水,武山,71
苏州,南京南,71
白音华南,西乌旗,71
井冈山,茶陵南,71
四平,白泉,71
太平川,洮南,71
曲靖,富源,71
攸县南,衡阳,71
永定,龙岩,71
重庆西,南充北,71
诏安,厦门,71
桂林北,贺州,71
莎车,皮山,71
长春,陶赖昭,71
海石湾,西宁,71
枝城,当阳,71
嫩江,大杨树,71
济源,关林,71
扬州,滁州北,71
沈阳北,长春,71
荆州,汉口,72
贵阳北,六盘水,72
郑州,漯河,72
富裕,讷河,72
汉口,襄阳东,72
郴州,乐昌,72
曲靖北,安顺西,72
深圳北,普宁,72
化德,正镶白旗,72
日照西,即墨北,72
青州市北,青岛,72
万州北,神农架,72
锦州北,承德南,72
灵丘,五台山,72
宜宾西,大方,72
涟源,安化,72
北京,玉田县,72
长春,松原,72
郑州,偃师,72
松滋,当阳,72
沟帮子,新立屯,72
淄博,高密,72
怀宁,宿松,72
河东机场,曲子,72
青岛西,淄博北,72
乾安,太平川,72
遵义南,贵阳,72
贵阳北,铜仁南,72
绥德,延安,72
杭州东,芜湖,72
成都东,峨眉,72
万州,利川,72
大连,瓦房店,72
武昌,黄石,73
北京西,保定,73
哈尔滨,横道河子东,73
越西,峨眉,73
三门峡西,渑池,73
贵阳,安顺,73
北京南,德州东,73
带岭,铁力,73
徐州,灵璧,73
苏州,上海南,73
介休,霍州,73
瓦房店西,沈阳,73
贵阳,都匀,73
新余,萍乡,73
普洱,元江,73
唐河,镇平,73
达州,南充,73
介休,榆次,73
耒阳西,清远,73
原平,宁武,73
济南,潍坊,73
天水南,兰州西,73
沁县,襄垣,73
石家庄北,保定,73
阿城,尚志,73
吐哈,吐鲁番北,73
武汉,六安,73
成都东,潼南,73
密云北,兴隆县,73
永州,道州,73
武昌,花园,73
辽宁朝阳,沈阳,73
皮山,泽普,73
旬阳,白河县,73
胶州北,烟台,73
隆化,滦平,73
三亚,美兰,73
沧州西,曲阜东,73
凯里,镇远,74
商洛北,渭南西,74
海石湾,兰州西,74
潮汕,深圳坪山,74
昌图,沈阳北,74
闻喜西,西安北,74
六盘水,六枝,74
包头,鄂尔多斯,74
秦皇岛,唐山北,74
天祝,河口南,74
大连,海城西,74
宜昌东,天门南,74
安图西,吉林,74
大连北,盘锦,74
合肥南,黄山北,74
哈尔滨,长春,74
大同南,原平西,74
缙云西,杭州东,74
杭州西,芜湖,74
开原,沈阳,74
锦州南,鲅鱼圈,74
龙岩,厦门,74
百色,南宁,74
德州东,潍坊北,74
乌海西,巴彦高勒,74
辛集,肃宁,74
西哲里木,白音胡硕,74
武威,谭家井,74
嘉峪关,高台,74
鸡西,林口,74
天津南,济南东,74
中卫,青铜峡,74
沂水,临沂,75
咸阳,宝鸡,75
西安北,洛阳龙门,75
尼勒克,伊宁,75
四平,双辽,75
东莞东,广州北,75
德惠,双城堡,75
重庆北,广安,75
石家庄,郑州东,75
加格达奇,大杨树,75
宝坻,山海关,75
贵阳东,桐梓北,75
三明北,仙游,75
林口,柴河,75
霍尔果斯,伊宁,75
济南东,胶州北,75
锦州南,沈阳北,75
重庆北,成都东,75
柳州,罗城,75
查布嘎,开鲁,75
龙岩,于都,75
龙洞堡,从江,75
免渡河,博克图,75
大英东,重庆北,75
哈尔滨,兴隆镇,75
天津,北京丰台,75
嘉兴,昆山,75
榕江,桂林北,75
婺源,衢州,75
桂林西,贺州,75
北京,天津西,75
汝州,洛阳,75
北京,唐山北,75
定南,龙川,75
灵武北,庆城,75
徐州东,开封北,75
鄯善北,哈密,75
苏州,松江,75
安庆,黄冈西,75
昆明南,珠琳,75
郁南,广州南,75
福鼎,福州南,75
瓦房店,盖州,75
鲁山,南阳,75
张家界,慈利,75
杭州东,丽水,75
永州,桂林北,75
五叉沟,阿尔山,76
林芝,朗县,76
山海关,盘锦北,76
杭州,长兴南,76
兰州,定西,76
酒泉,高台,76
祥云,鹤庆,76
海北,北安,76
常州,淮安东,76
北京,蓟州北,76
石家庄,邯郸,76
潮汕,厦门,76
威海,青岛北,76
齐齐哈尔,大庆,76
临湘,咸宁,76
渭南西,商洛,76
卢龙,唐山,76
红安西,合肥南,76
沈阳,长春,76
南岔,汤原,76
上海虹桥,南通,76
广州南,郴州西,77
新沂,徐州,77
成都南,宜宾西,77
秀山,黔江,77
重庆西,遵义,77
万源,安康,77
赣州西,丰城东,77
广州,深圳,77
太原南,吕梁,77
信阳东,郑州,77
广州南,怀集,77
潍坊,蓝村,77
草海,六盘水,77
绥化,铁力,77
芜湖,无为南,77
郑州东,高邑西,77
墨玉,皮山,77
海拉尔,嵯岗,77
重庆西,成都东,77
武汉,九江,77
潍坊,海阳北,77
梅河口,清原,77
聊城,衡水,77
青岛机场,济南东,77
深圳,惠州,77
太和北,周口,77
神木,榆林,77
虞城县,徐州,77
武昌,赤壁,77
长沙,岳阳,78
长寿北,利川,78
汉中,阳平关,78
承德南,阜新,78
泰州,南京,78
兰州,永登,78
武汉,长沙南,78
长沙南,南昌西,78
昆明南,普安县,78
赣州西,惠州北,78
青岛,淄博北,78
武汉,许昌东,78
蕲春,麻城,78
玉林,河唇,78
锦州南,沈阳,78
博克图,哈拉苏,78
三门峡,新安县,78
米林,加查,78
滕州,徐州,78
宣威,六盘水,78
漯河西,武汉,78
福州,福鼎,78
三门峡西,潼关,78
南宁东,藤县,78
南京南,宝应,78
辽阳,大石桥,78
德安,武汉,78
弥勒,富宁,78
蓬溪,成都东,78
宜昌东,荆门,78
三门峡西,义马,78
漯河,信阳,78
古浪,永登,78
济南西,宿州东,79
扬州,肥东,79
襄阳,荆门,79
安多,那曲,79
牟平,青州市北,79
徐州,蚌埠,79
黎塘,南宁东,79
汉口,六安,79
哈尔滨西,横道河子东,79
永州,衡阳,79
邵东,怀化南,79
黔西,宜宾西,79
怀化,洞口,79
海安,上海虹桥,79
静海,廊坊北,79
天祝,武威南,79
西昌西,攀枝花南,79
精河南,奎屯,79
铜仁,秀山,79
济南西,廊坊,79
文水,柳林南,79
银川,环县,79
洞口,娄底南,79
郑州,民权,79
大冶北,南昌西,79
北票,沈阳,79
株洲,宜春,79
山海关,滦县,79
南昌,瑞昌,79
佳木斯,胜利镇,79
梧州南,来宾北,79
低窝铺,嘉峪关,80
赣州,龙南,80
兰州,海石湾,80
衡水,霸州,80
汉阴,城固,80
襄阳,随州,80
株洲,衡阳,80
扬州东,连云港,80
怀化南,长沙南,80
吉林,永庆,80
淮南,阜阳,80
重庆北,南充北,80
雅鲁,扎兰屯,80
白河东,安康,80
张家口,呼和浩特东,80
河唇,茂名西,80
太湖南,武汉,80
大石桥,瓦房店,80
沟帮子,西柳,80
华山,灵宝,80
贺州,梧州,80
横道河子,牡丹江,80
南昌西,衢州,80
铜仁,怀化南,80
大连,鞍山西,81
白洋淀,北京丰台,81
沈丘,阜阳,81
太原南,石家庄,81
呼和浩特,集宁南,81
涡阳,宿州,81
海林北,哈尔滨,81
定陶,商丘,81
曲靖北,平坝南,81
恭城,广宁,81
鸡西,密山,81
绍兴,宁波,81
通辽,太平川,81
邹城,徐州,81
引镇,蒲城东,81
白城,松原,81
营山,平昌,81
广元,南充北,81
山市,亚布力,81
白涧,涞源,81
西昌西,金口河南,81
胶州北,威海,81
合肥南,扬州,81
沈阳,昌图,82
常山,婺源,82
梧州南,广州南,82
郑州东,阜阳西,82
桃村北,潍坊,82
三水南,贺州,82
商丘南,阜阳,82
阳江,广州南,82
鹤壁,郑州,82
高平东,太原南,82
鄂尔多斯,榆林,82
西安北,天水南,82
内乡,商南,82
双辽,通辽,82
永州,邵阳,82
乐清,宁波,82
北京南,济南西,82
盐城,淮安,82
柳园,玉门,82
成都东,宜宾西,82
蒲城东,延安,82
岳阳,咸宁,82
莱西,青州市,82
长沙南,乐昌东,82
徐州东,合肥南,82
北安,依安,82
百色,普者黑,82
侯马西,西安北,82
东方,老城镇,82
孝感北,郑州东,82
盘锦,鞍山,82
鞍山西,葫芦岛北,82
临河,乌海,82
赤峰,承德南,82
霸州,天津,82
索伦,五叉沟,82
襄州,随州,83
吴忠,庆阳,83
哈尔滨,陶赖昭,83
呼和浩特,张家口,83
醴陵,攸县,83
荆州,武昌,83
广元,成都东,83
贵阳北,兴文,83
黄水,重庆北,83
洛阳,郑州,83
西宁,民乐,83
富源北,贵阳北,83
瓜州,疏勒河,83
石家庄,天津西,83
孝感,信阳,83
昆明,元谋西,83
公主岭,昌图,83
漳县,兰州,83
浠水,九江,83
太原南,侯马西,83
阜新南,彰武,83
霸州,北京西,84
宝鸡,西安,84
经棚,林西,84
蚌埠南,济南西,84
来宾,贵港,84
扬州,明光,84
新乡,邯郸,84
丰城,鹰潭,84
郑州东,华山北,84
蚌埠南,泰安,84
马兰,库尔勒,84
大虎山,彰武,84
青岛北,济南东,84
石家庄北,衡水,84
宝丰,关林,84
烟台南,淄博北,84
丰都,恩施,85
胶州北,淄博,85
三明北,抚州,85
东来,奈曼,85
重庆西,遵义南,85
南昌,鹰潭,85
上饶,杭州东,85
宜昌东,建始,85
成都东,泸州,85
张家界西,来凤,85
固原,平凉,85
白银西,景泰,85
石梯,巴中,85
日照西,莱西,85
讷河,嫩江,85
玉林,廉江,85
菏泽,亳州,85
济南东,夏格庄,85
郑州航空港,襄阳东,85
乌兰浩特,索伦,85
鞍山,熊岳城,85
南宁东,梧州南,85
四平,辽源,85
沈阳,大虎山,86
重庆西,广安,86
三门峡西,孟塬,86
济南,聊城,86
深圳北,潮汕,86
柳园南,哈密,86
黄州,九江,86
徐州,兖州,86
兴隆县,怀柔,86
隆化,承德,86
淮安东,无锡,86
太原南,晋城东,86
合肥,芜湖,86
赣县北,龙岩,86
茶陵南,衡阳,86
桐城,合肥,86
扎音河,北安,87
草海,昭通,87
怀化,溆浦,87
费县,兖州,87
曲子,银川,87
南宁,黎塘,87
毕节,犍为,87
贵阳,遵义,87
鲅鱼圈,辽宁朝阳,87
清原,抚顺北,87
哈尔滨西,海林北,87
曲靖北,贵安,87
峨山,宁洱,87
厦门北,福州,87
贵阳北,从江,87
图里河,库都尔,87
赤峰南,敖汉,88
郑州东,徐州东,88
阳春,茂名,88
哈尔滨,牡丹江,88
贵定,凯里,88
峨边南,成都南,88
下台子,承德,88
广元,阳平关,88
梅河口,辽源,88
哈尔滨,依兰,88
镇安,安康,88
扬州,合肥,88
天水,陇西,88
张掖,清水,88
西安,合阳北,88
固原,同心,88
襄汾西,西安北,88
沈阳,新立屯,88
南昌,新干,88
长白山,吉林,88
饮马峡,德令哈,88
山海关,葫芦岛,88
江门,茂名,89
哈尔滨东,绥化,89
南阳,宝丰,89
连云港,海安,89
吉林,延吉西,89
吉林,烟筒山,89
泰来,齐齐哈尔,89
德州,大明湖,89
五棵树,长春,89
怀化,会同,89
嘉善,昆山,89
洛阳,三门峡,89
赶水东,贵阳东,89
沈阳北,葫芦岛北,89
九江,婺源,89
丹凤,西峡,89
平果,德保,89
引镇,小河镇,89
格尔木,饮马峡,89
芜湖,广德,89
重庆北,渠县,90
三都县,桂林西,90
承德,鹰手营子,90
辽阳,大连,90
北京丰台,唐山北,90
商丘,阜阳,90
嘉兴,苏州,90
宝鸡,天水,90
石林西,富宁,90
北京,北戴河,90
广州东,惠州,90
庐江,天柱山,90
新林,小扬气,90
汉口,枝江北,90
嘉善,苏州,90
青岛,青州市,90
佛山西,贺州,90
柳州,融水,90
蚌埠,淮南,90
武昌,麻城,90
呼和浩特,东胜东,91
新肇,大庆西,91
青岛北,赣榆,91
贵阳东,怀化南,91
深圳东,广州北,91
西安,洛川东,91
韶关东,源潭,91
达州,万源,91
葫芦岛北,沈阳,91
泰山,滕州,91
兖州,菏泽,91
唐河,内乡,91
蚌埠,淮北,91
南岔,桃山,91
虎林,密山,91
怀柔,北京丰台,91
广州,英德,91
丽江,祥云,91
兰州西,中卫南,91
广州,肇庆,91
北安,海伦,91
徐水,霸州,91
哈尔滨,大庆,91
织金,安顺,91
四平,沈阳北,92
益阳,临澧,92
邢台,石家庄北,92
华山,西安,92
大同,集宁南,92
兰州,白银西,92
扶余,长春,92
聊城,广平,92
皮山,和田,92
东莞南,赣州西,92
佳木斯,宾州,92
济南,兖州,92
常州,上海,92
舒兰,吉林,92
霸州西,天津,92
南京,蚌埠,93
武汉,郑州东,93
包头,呼和浩特东,93
吕梁,太原,93
郑州,西平,93
十堰,旬阳,93
成都东,合川,93
金华,杭州,93
柳园,疏勒河,93
泰和,赣州,93
潍坊,烟台南,93
美溪,南岔,93
沈阳北,大连北,93
松江河,长白山,93
兰州,西宁,93
温州南,宁波,93
包头,察素齐,93
樟树,东乡,93
眉山东,威信,93
徐州东,常州北,93
通辽,扎鲁特,93
晋城,长治,93
新化,溆浦,94
桐柏,南阳,94
昆明,祥云,94
杭州东,上海南,94
新立屯,沈阳北,94
峨边南,成都东,94
怀化,吉首,94
普宁,厦门北,94
肇庆东,贵港,94
商洛北,西安,94
沈阳,大连北,94
武汉,合肥南,94
厦门北,陆丰,94
黄口,宿州,94
黎塘,柳州,94
绥化,扎音河,94
深圳东,广州,94
怀化南,贵阳北,95
蔡家坡,陇县,95
龙南,龙川,95
略阳,阳平关,95
赣州西,南昌西,95
大明湖,聊城,95
梁平,万州,95
郑州,商丘,95
齐齐哈尔,安达,95
大虎山,沈阳北,95
东方,海口,95
广州南,耒阳西,95
抚宁,唐山,95
石家庄北,深州,96
汉寿南,石门县北,96
库尔勒,轮台,96
峨眉,冕宁,96
郑州,关林,96
郑州,驻马店,96
张掖,金昌,96
酒泉,张掖,96
郑州东,襄阳东,96
绥中北,盘锦北,96
绥化,哈尔滨,96
九江,东至,96
吐鲁番,乌鲁木齐,96
宝丰,漯河,96
青岛,济南东,96
朗乡,庆安,96
曲靖北,贵阳北,97
宁洱,玉溪,97
山海关,台安,97
毕节,乐山,97
绵阳,成都西,97
成都东,南充,97
荆门,松滋,97
双城堡,长春,97
南京,苏州,97
安阳,郑州,97
蒲城东,甘泉北,97
北京,天津,97
伊春,五营,97
阿克苏,新和,97
鹰潭,樟树,97
三都县,桂林北,97
北京丰台,饶阳,97
东莞东,河源,97
旬阳北,引镇,97
襄阳,十堰,97
定南,赣州,97
牙克石,博克图,97
惠州,龙川,98
株洲,娄底,98
衡阳,郴州,98
涪陵北,恩施,98
灵武,定边,98
岷县,兰州,98
嘉峪关南,柳园南,98
南岔,铁力,98
桂林西,都匀东,98
沙城,三家店,98
贵阳北,铜仁,98
吐鲁番北,哈密,98
哈尔滨,宏克力,98
华山,三门峡西,98
牡丹江,林口,98
前进镇,富锦,98
盘锦,辽阳,98
韶关东,大余,98
泰山,德州,98
金华,绍兴,98
钟山西,三水南,98
瓜州,嘉峪关南,98
邵阳,怀化南,99
北京朝阳,辽宁朝阳,99
潼关,三门峡,99
衡水,石家庄,99
韶关东,郴州,99
合肥南,周口东,99
迁安,山海关,99
哈尔滨,德惠,99
肃宁,北京丰台,99
重庆西,息烽,99
南充北,成都东,99
汉口,郑州东,99
潍坊北,沧州西,99
宝丰,洛阳,99
北京南,济南东,99
锡林浩特,阿巴嘎旗,99
天津北,蓟州北,100
恭城,肇庆东,100
海拉尔,扎赉诺尔西,100
唐山北,山海关,100
汉口,合肥南,100
济南东,烟台南,100
富蕴,阿勒泰,100
綦江东,贵阳东,100
阿巴嘎旗,苏尼特左旗,100
西安,商洛,100
博克图,扎兰屯,100
成都南,金口河南,100
运城北,太原南,100
西安,镇安,100
贵阳,福泉,100
锦州北,大连北,101
沈阳,四平,101
南阳,襄阳,101
庆城,银川,101
恩施,宜昌东,101
阿图什,巴楚,101
赣州西,南昌,101
金华,南昌西,101
北京丰台,密云北,101
鹰手营子,密云北,101
龙岩,赣州,101
万州,恩施,101
合肥,蚌埠,102
石家庄北,太原,102
保康,八面城,102
南京,芜湖,102
西安,潼关,102
吉林,明城,102
贵阳东,宜宾西,102
深圳,广州北,102
关林,鲁山,102
西宁,张掖西,102
淮北,阜阳,102
桂林北,都匀东,102
海林,亚布力,102
桑根达来,经棚,103
郑州,武汉,103
徐州,沭阳,103
桃源,益阳,103
玉屏,怀化,103
宜昌东,汉口,103
华州,灵宝,103
沈阳,泡子,103
武隆,重庆北,103
武昌,阳新,103
光山,阜阳,103
遂宁,重庆西,103
汝州,偃师,103
长春,昌图,104
陇南,渭源,104
哈尔滨西,德惠,104
哈尔滨东,五常,104
武汉,南昌西,104
隆回,怀化,104
旬阳,西安,104
衡阳,邵阳,104
凤凰城,本溪,104
烟台,潍坊,104
红果,威舍,104
邯郸,涉县,104
连云港,青岛北,104
宋,齐齐哈尔,104
盘古,塔河,105
重庆北,利川,105
大同南,北京北,105
钟山西,佛山西,105
贵阳北,宜宾西,105
成都西,大英东,105
盐城,上海虹桥,105
安顺西,昆明南,105
万州北,襄阳东,105
新余,醴陵,105
桂林北,怀集,105
兰州,乐都,105
广州南,衡阳东,105
驻马店,广水,105
陇县,平凉,106
郑州东,西安北,106
巩义,汝州,106
淄博,青岛,106
新友谊,佳木斯,106
信阳,唐河,106
三门峡,孟塬,106
临潼,韦庄,106
肇庆,阳春,106
通榆,双辽,106
德清西,宣城,106
长沙南,英德西,106
白沟,天津,106
吉安,赣州,107
锡林浩特,桑根达来,107
兰考,砀山,107
沙湾南,西昌西,107
遂宁,成都西,108
南岔,伊春,108
盘锦,熊岳城,108
娄山关南,贵阳,108
重庆西,修文县,108
广州南,贺州,108
郑州,西安北,108
纪家沟,赤峰南,108
林口,勃利,108
绥化,神树,108
白山市,氡泉,108
喀什,莎车,108
兰州,哈达铺,108
大同,柴沟堡,108
任丘,辛集,108
玉林,梧州,108
武昌,广水,109
玉溪,普洱,109
沈阳北,平泉北,109
灵宝,渭南,109
连云港,即墨北,109
庆阳,银川,109
太原,大同南,109
加查,林芝,109
安阳,石家庄,109
朱日和,白音察干,109
金华南,杭州,109
泰州,上海,109
齐齐哈尔,讷河,109
白洋淀,天津,110
洪洞,介休,110
疏勒河,嘉峪关,110
吉首,张家界,110
安康,西安,110
固始,信阳,110
柳林南,榆林,110
赣州西,深圳,110
遂宁,达州,110
长春,大安,110
黄山北,延平西,110
彭山,越西,110
合肥,固始,111
毕节,眉山东,111
杭州东,南平市,111
成都西,峨眉,111
奈曼,通辽,111
民权,徐州,111
临沂,兖州,111
杭州南,长兴南,111
广元,西安北,111
绩溪县,宁国,112
长沙,衡阳,112
诸城,临沂东,112
乌鲁木齐,奎屯,112
承德,兴隆县,112
太原南,石家庄北,112
榆林,延安,112
阜阳,周口,113
佳木斯,南岔,113
大庆,哈尔滨东,113
沈阳北,沟帮子,113
冠豸山南,赣州,113
东至,铜陵,113
嘉峪关,张掖,113
大同,原平,113
张家界,石门县北,114
海晏,乌兰,114
烟台南,日照西,114
重庆西,渠县,114
娄底,安化,114
巴楚,阿克苏,114
霍州东,西安北,114
谷城,白河东,114
彭泽,池州,114
成都东,蓬安,115
天津,任丘,115
麻城,九江,115
长治北,沁县,115
任丘,北京西,115
广州南,钟山西,115
扶余北,沈阳北,115
武昌,随州,115
克山,富裕,115
哈尔滨,尚志,116
孙吴,黑河,116
华山,三门峡,116
吉安,向塘,116
广州南,茂名,116
阳朔,肇庆东,116
丽江,南华,116
韶关东,广州北,116
哈尔滨西,沈阳北,116
潍坊,大明湖,116
枣庄东,临沂,116
伊宁,精河南,116
哈尔滨西,大庆西,116
上海南,杭州南,117
武昌,岳阳,117
济南西,南京南,117
吉安,南昌西,117
峨眉,西昌西,117
梅州,永定,117
无锡,嘉兴,117
承德南,沈阳,117
盐城,泰州,117
北京丰台,沙城,118
玉山,金华,118
麻城,阜阳,118
勃利,佳木斯,118
佳木斯,哈尔滨,118
中卫,景泰,118
贵阳北,重庆西,118
合肥,汉口,118
吐鲁番,马兰,118
阳新,南昌,118
山海关,锦州,118
白城,保康,119
信阳,许昌,119
汝州,南阳,119
绥德,文水,119
温州,丽水,119
酒泉,玉门,119
洛阳,三门峡西,119
合肥,怀宁,119
白涧,北京丰台,119
宜春,南昌,119
安康,白河县,119
清远,长沙南,120
库车,阿克苏,120
大庆西,哈尔滨东,120
楚雄,鹤庆,120
龙川,梅州,120
二连,苏尼特左旗,120
贵阳东,重庆西,120
泰安,南京南,120
娄底,长沙,120
南阳,平顶山,121
铁岭,长春,121
武威,永登,122
湖口,东至,122
信阳,汉口,122
安陆,襄阳,122
临河,包头,122
化德,集宁南,122
南宁东,来宾,122
承德南,沈阳北,122
东乡,新余,122
河口南,西宁,123
洛阳,新乡,123
景德镇北,衢州,123
阜阳,新县,123
湖口,婺源,123
武威,天祝,123
永济,渭南,123
龙镇,孙吴,123
龙洞堡,桂林西,123
十堰,安康,123
长兴南,芜湖,123
南宁,柳州,124
酒泉,疏勒河,124
正镶白旗,商都,124
凌海南,山海关,124
金城江,柳州,124
北京,沧州,124
昆明,石林,124
中卫,定边,125
德州,石家庄北,125
延安,西安,125
烟台,青州市,125
格尔木,德令哈,125
定边,银川,125
商洛,西峡,125
徐水,天津,125
峡江,东乡,125
赣州,韶关东,125
扎兰屯,齐齐哈尔,125
蓬溪,成都西,126
小河镇,西安,126
六盘水,安顺,126
恭城,佛山西,126
德州,天津,126
喀什,巴楚,127
北京丰台,衡水,127
大理,昆明,127
兰州,陇西,127
沧州,北京南,127
井冈山,衡阳,127
郑州,邯郸,127
介休,临汾,127
保定,天津,127
惠农,临河,127
西峡,唐河,127
南昌,吉安,128
吉林,磐石,128
沭阳,盐城,128
楚雄,丽江,128
贵阳北,昆明南,128
昆明南,宁洱,129
乌兰浩特,二龙屯,129
贵港,广州南,129
沈阳,山海关,130
尚志,山市,130
连云港,徐州,130
玉林,湛江,130
梅河口,通化,130
济南西,合肥南,130
黔江,涪陵,130
贵阳东,桂林西,130
乌苏,博乐,130
郑州东,北京西,131
镇赉,齐齐哈尔,131
怀柔北,滦平,131
南宁,来宾,131
沈阳,西丰,131
达州,重庆北,131
开原,长春,131
北京北,呼和浩特东,132
铁岭,公主岭,132
威海,济南东,132
阜阳,菏泽,133
万州北,南阳东,133
广安南,成都东,133
重庆北,恩施,133
南昌西,杭州东,133
当阳,襄阳,133
榆林,东胜西,133
海城,瓦房店,133
怀宁,九江,133
武昌,信阳,134
武夷山,上饶,134
奎屯,博乐,134
龙川,信丰,134
玉屏,凯里,134
瓦房店,鞍山,134
原林,图里河,135
大石桥,金州,135
平安驿,兰州,135
银川,中卫,135
郑州,太原南,135
沙城,北京,135
英德,广州东,135
张家界西,益阳,135
渭南,镇安,135
白云鄂博,昆都仑召,136
沈阳北,绥中北,136
贵阳北,桂林西,136
化州,玉林,136
南昌,武穴,136
吐鲁番北,马兰,136
泰山,徐州,136
阿克陶,莎车,136
庆安,南岔,136
高密,桃村,136
呼和浩特,北京北,136
哈尔滨东,杜尔伯特,136
涪陵,重庆西,136
图木舒克,阿克苏,137
广州南,长沙南,137
海拉尔,满洲里,137
安康,汉中,137
池州,湖口,137
精河南,尼勒克,137
卫辉,洛阳,137
合肥,宣城,137
榆次,榆社,138
进贤,吉安,138
洛阳,灵宝,138
池州,九江,138
陇县,杨陵,138
中卫,谭家井,138
蚌埠,涡阳,138
慈利,益阳,138
桐梓北,贵阳,138
大同,张家口,138
新林,加格达奇,138
桂林北,贵阳东,138
阜阳,合肥,138
灵丘,白涧,138
和硕,吐鲁番北,138
北京南,潍坊北,139
霍林郭勒,白音华南,139
武昌,宜昌东,139
鹰潭,新余,139
贵阳北,昆明,139
黄石,南昌,139
北京丰台,太原南,139
前锋,抚远,140
贵阳北,乐山,140
蕲春,南昌,140
内乡,桐柏,140
嘉兴,金华,140
韶关东,广州,140
桂林西,肇庆东,140
山海关,盘锦,140
奈曼,赤峰南,140
赤壁,长沙,140
日喀则,拉萨,141
金华,鹰潭,141
成都西,江油,141
库尔勒,库车,141
达州,紫阳,141
临沂东,胶州,142
杭州,宣城,142
蓝村,烟台,142
兖州,德州,142
靖州,怀化,142
滁州北,徐州,142
乌图美仁,格尔木,142
余姚,金华,142
贵阳,凯里,143
麻城,淮滨,143
抚远,前进镇,143
杭州,衢州,143
昆明南,普洱,144
查布嘎,通辽,144
西昌西,眉山,145
将乐,南昌,145
成都东,毕节,145
临沂东,蓝村,145
百色,昆明南,145
南充,成都西,145
四合永,赤峰南,145
北京朝阳,盘锦,146
怀化,安化,146
嫩江,加格达奇,146
承德,四合永,146
南京,上海,147
武隆,龙山北,147
北戴河,北京丰台,147
马兰,乌鲁木齐南,147
衡水,菏泽,147
汝州,济源,147
万州,达州,147
徐州,阜阳,147
锡林浩特,西乌旗,147
三门峡,渭南,147
沈阳,锦州,148
富锦,佳木斯,148
中宁,银川,148
湛江西,徐闻,148
鞍山,普兰店,148
西安北,兰州西,148
沙城,北京西,149
郑州,信阳,149
政和,福州,149
宣城,绩溪县,149
武夷山,鹰潭,149
青岛,济南,149
榆林,吕梁,150
曹县,阜阳,150
克拉玛依,乌鲁木齐,150
绥化,带岭,150
白山市,松江河,151
北京,秦皇岛,151
通辽,乾安,151
商丘南,聊城,152
经棚,大板,152
贵阳东,眉山东,152
白城,齐齐哈尔,152
绥德,定边,153
石家庄北,北京西,153
衢州,鹰潭,153
和硕,吐鲁番,153
广州南,阳朔,153
信阳,南阳,154
瓦房店,盘锦,154
昆明,师宗,154
海林,尚志,154
兰州西,古浪,154
宜昌东,襄阳,154
长沙南,桂林北,154
丹凤,镇平,154
西安北,绵阳,155
锦州,沈阳北,155
长春,白城,155
吉安,茶陵南,155
渭南,三门峡西,155
从江,怀集,155
风陵渡,三门峡西,156
吐鲁番北,焉耆,156
广元,略阳,156
彭水,重庆北,156
麻城,信阳,156
通道,融安,156
乌鲁木齐,马兰,156
重庆西,达州,157
襄阳,信阳,157
贵阳北,眉山东,157
凤县,宝鸡,157
秦皇岛,天津,157
惠阳,厦门北,157
潢川,合肥,157
乌兰,西宁,158
西安,灵宝,158
秦皇岛,锦州,158
德清西,芜湖,158
武威南,兰州西,158
西丰,沈阳北,158
达州,成都东,159
兰州,陇南,159
德令哈,海晏,159
梅河口,抚顺北,159
广州东,韶关东,159
绥德,太原,159
桐柏,西峡,160
沧州,泰山,160
辽中,兴城西,160
赣州,龙川,160
定边,吕梁,160
衡阳,洞口,160
郑州,汝州,160
衡阳,桂林北,160
宿州,阜阳,160
福州,延平东,161
哈密,玉门,161
北京丰台,宣化,161
佛山西,桂林西,161
南昌,三明北,162
南宁东,广州南,162
昆明,攀枝花南,162
陇县,咸阳,162
大明湖,沧州,163
襄阳,武昌,163
郑州,砀山,163
嘉峪关,柳园,163
蚌埠,阜阳,164
徐州,郑州,164
北京朝阳,沈阳北,164
北京朝阳,沈阳,164
古浪,兰州,164
洋河,盐城,165
石门县北,荆门,165
融安,靖州,166
福州,杭州东,166
鹰潭,吉安,166
长春,哈尔滨东,167
达州,安康,167
温州,缙云,167
兰州西,武威,167
风陵渡,三门峡,167
哈尔滨,齐齐哈尔,167
溆浦,娄底,168
徐州,南京,168
咸阳,天水,169
吐鲁番,焉耆,169
锦州,熊岳城,169
潢川,武昌,169
重庆北,襄阳东,170
镇远,怀化,170
六安,信阳,170
扎兰屯,大庆西,170
怀化,秀山,170
宣城,杭州南,171
石门县北,宜昌东,171
哈密,柳园,172
长春,新肇,172
关林,南阳,172
柯柯,饮马峡,172
北京,昌黎,172
牡丹江,鸡西,172
塔河,阿木尔,173
宝清,佳木斯,173
义马,孟塬,174
西安,天水,174
西安,三门峡西,174
天津,衡水,175
西昌西,成都南,175
吕梁,延安,175
枣庄西,禹城,175
德州,邹城,175
张家口,北京丰台,176
任丘,聊城,176
通辽,白城,176
广州南,桂林西,176
绥化,南岔,176
北安,绥化,176
长沙,桃源,176
广州南,桂林北,177
北京西,宣化,177
乌审旗,鄂尔多斯,177
花土沟,乌图美仁,177
鹤庆,昆明,177
贵阳北,成都南,177
沈阳北,公主岭,177
青岛北,临沂,177
宝丰,济源,177
尚志,牡丹江,178
六盘水,贵阳,178
天津,山海关,178
渭南,运城,178
麻城,南昌,178
山海关,沈阳北,179
北京南,青岛北,179
北京丰台,山海关,179
包头,榆林,180
昆明南,西双版纳,180
信阳,镇平,180
和田,叶城,181
齐齐哈尔,哈尔滨西,181
德州,北京,181
贵阳北,成都东,182
蚌埠,扬州,182
肇庆,茂名,182
双辽,白城,183
怀化,新化,184
南京,嘉兴,184
衡阳,娄底,185
南昌,武昌,185
商洛,南阳,185
铁力,汤原,186
三门峡,西安,186
承德,唐山北,186
酒泉,柳园,186
鄂州,南昌,187
洛阳,安阳,187
西安北,成都东,187
郑州,邢台,187
白河县,襄阳,187
福利区,武威,188
南京,宿州,188
郴州,株洲,188
三家店,张家口,189
临河,呼和浩特,189
成都西,潼南,189
吐鲁番北,库尔勒,189
鞍山,金州,189
齐齐哈尔,嫩江,190
杭州,芜湖,190
娄底,永州,190
济南,徐州,190
九江,鹰潭,192
开化,九江,192
青岛,北京南,192
北京南,南京南,193
上海,金华,193
大明湖,青岛北,194
怀化,冷水江东,194
韩城,西安,194
张家口,北京,195
都匀,金城江,195
武昌,长沙,196
加格达奇,塔河,196
宝丰,郑州,196
信阳,内乡,197
衡阳,韶关东,197
济源,鲁山,197
拉萨,那曲,197
抚州,新余,197
库尔勒,吐鲁番,198
阜阳,聊城,198
郑州东,万州北,198
酉阳,怀化,198
章丘,青岛北,199
北安,孙吴,199
伊宁,奎屯,199
芜湖,东至,199
新县,九江,199
永康南,温州,199
长沙,张家界西,199
怀集,都匀东,200
沈阳北,秦皇岛,200
昆明,丽江,201
中卫,白银西,201
扎兰屯,牙克石,201
张家口,北京西,201
秀山,涪陵,201
敦煌,嘉峪关,202
大明湖,天津西,202
西宁,德令哈,202
潼关,洛阳,202
鹰潭,株洲,203
九江,新余,203
海口,徐闻,204
郑州,石家庄,204
武威,中卫,204
兖州,沧州,205
长沙,郴州,205
玉林,柳州,205
绥中北,北京丰台,206
衡阳,怀化南,207
兰州,武威,207
九江,泰宁,207
北京丰台,聊城,207
安康,渭南,207
乌苏,伊宁,208
库尔勒,乌鲁木齐,208
鹰潭,萍乡,209
北京西,衡水,209
临沂,胶州,209
蓝村,淄博,209
讷河,大杨树,212
北京,山海关,213
南京,上海南,213
贵阳,重庆西,214
涞源,北京丰台,215
长沙,慈利,215
怀化,涟源,215
九江,衢州,216
河源,赣州,216
黔江,重庆北,216
南昌,井冈山,216
漯河,武昌,216
郴州,广州北,218
玉门,敦煌,219
信阳,合肥,220
天水,兰州,220
茂名西,肇庆,220
塔河,图强,220
兴义,百色,221
沈阳,通辽,221
南丹,贵阳,221
林西,桑根达来,222
广州南,武汉,222
米易东,成都南,222
石家庄,新乡,223
阜阳,武昌,223
平顶山,襄阳,224
徐州,德州,224
洛阳,渭南,225
南昌,株洲,225
西安,西峡,227
金华,宁波,228
重庆北,成都西,229
葫芦岛,唐山,229
齐齐哈尔,博克图,229
阜阳,九江,230
龙南,惠州,230
九江,将乐,230
沈阳,绥中北,230
聊城,天津,232
盐城,南通,232
额敏,克拉玛依,232
东莞东,韶关东,232
赣州,南昌,233
黔江,怀化,233
渭南,新安县,234
西宁,柯柯,234
襄阳,安康,235
中卫,金昌,236
安康,华山,236
九江,武昌,236
石家庄北,天津,237
莎车,墨玉,238
天津,泰山,239
许昌,武昌,240
上饶,杭州南,240
四平,白城,240
广州,郴州,240
凯里,怀化,241
佳木斯,庆安,242
景德镇北,金华,244
通辽,锦州,245
嘉峪关南,西宁,246
九江,吉安,247
杨陵,平凉,247
达州,成都西,248
襄阳,石门县北,249
锦州,唐山,250
怀化,娄底,251
衡阳,新余,251
沈阳,大连,252
郴州,广州东,253
赣州,进贤,254
太原,定边,255
衡阳,吉安,257
赣州,惠州,257
福海,克拉玛依,261
加格达奇,讷河,263
郑州,汉口,264
南阳,武昌,264
桑根达来,大板,264
临沂东,莱阳,265
衢州,黄石,267
哈尔滨,海林,267
阿克苏,阿图什,267
西安,榆林,268
洛阳,西安,269
沈阳北,唐山,270
荆门,武昌,270
双城堡,沈阳,271
惠州,梅州,271
武昌,十堰,271
北京丰台,灵丘,271
株洲,溆浦,273
广州南,都匀东,273
西昌西,成都西,274
乳山,潍坊,275
阿克苏,喀什,276
杭州,合肥,276
阜阳,衡水,276
厦门北,宁波,277
龙江,牙克石,277
嘉峪关南,哈密,278
郑州,武昌,279
茂名西,佛山,279
哈尔滨东,牡丹江,279
赣州,鹰潭,279
沧州,徐州,279
景泰,兰州,279
长沙,松滋,281
洛阳,石家庄,281
南阳,郑州,282
华山,郑州,282
西宁,茶卡,283
北京,大明湖,286
绥化,佳木斯,288
乌鲁木齐,焉耆,288
淄博,烟台,288
贵阳,玉屏,289
西安,南阳,289
乌鲁木齐,伊宁,289
尼勒克,奎屯,290
临沂东,桃村,291
沈阳北,唐山北,292
万州,宜昌东,293
郴州,东莞东,294
南昌,阜阳,294
江油,陇南,295
中卫,吕梁,296
兰州,中卫,297
库尔勒,若羌,297
哈尔滨,沈阳北,298
黄石,金华,298
广元,成都西,298
柳州,通道,298
永州,株洲,300
当阳,益阳,302
济南,桃村,307
德州,枣庄西,307
疏勒河,哈密,308
贵阳北,广州南,308
宝鸡,兰州,308
韶关东,长沙,308
衢州,武昌,309
宜昌东,重庆北,310
荆门,张家界,311
九江,芜湖,311
吉安,衢州,313
湛江西,海口,314
延安,太原,314
上饶,萍乡,315
贵阳东,广州南,315
衡阳,广州北,315
哈密,吐鲁番,315
牙克石,齐齐哈尔,315
乳山,青州市,315
北京丰台,承德,316
郑州,灵宝,316
奎屯,福海,318
渭南,郑州,320
张掖,兰州西,320
怀化,武隆,320
南京,商丘,320
韶关东,株洲,321
嘉峪关,哈密,323
长沙南,邯郸东,324
盘锦,滦县,324
阜阳,任丘,326
锦州,天津,329
隆化,北京,332
齐齐哈尔,免渡河,335
丹凤,信阳,336
长沙南,邢台东,336
衡阳,广州,337
兰州,张掖,337
赣州,广州,337
株洲,怀化,340
广元,兰州,342
北京,沈阳北,343
天津,徐州,343
吉安,龙岩,343
南昌,衡阳,344
北京西,郑州,346
鹰潭,长沙,347
南昌,娄底,347
株洲,上饶,347
天津,沈阳北,349
融安,怀化,349
渑池,渭南,350
赣州,九江,350
西安,郑州,352
武昌,金华,352
北京,锦州,353
荆门,长沙,353
株洲,金华,354
鹰潭,茶陵南,354
聊城,黄州,354
靖州,柳州,358
长沙南,石家庄,359
额敏,奎屯,360
衡阳,广州东,360
绥化,美溪,360
西宁,格尔木,360
信阳,九江,361
宜昌东,长沙,362
长沙,怀化,362
唐河,西安,365
南昌,金华,366
延安,安康,369
菏泽,九江,371
中卫,太原,373
鹰潭,娄底,376
渭南西,唐河,378
郑州,襄阳,379
大庆西,牙克石,380
重庆北,铜仁,380
贵阳,怀化,381
广州东,大余,383
德州,南京,385
延吉,吉林,385
吉安,醴陵,387
徐州,北京丰台,390
株洲,吉安,391
佳木斯,洪河,393
北京丰台,阜阳,405
衡阳,鹰潭,407
徐州,北京,409
滦县,瓦房店,414
泰和,龙岩,415
安达,牙克石,417
镇安,洛阳,420
深圳东,衡阳,420
蜀河,武昌,421
长沙,广州北,422
冠豸山,南昌,422
郑州东,广州南,429
黄石,嘉兴,430
南京,沧州,433
萍乡,怀化,435
宜春,金华,440
北京,四合永,441
郑州,无锡,444
广州,长沙,445
孝感,石家庄,446
衡水,南京,446
怀化,衡阳,451
四平,北京,452
赣州,金华,453
台州西,深圳北,454
安康,武昌,459
怀化南,涪陵,459
黄州,肃宁,462
广州东,长沙,465
阜阳,吉安,468
兰州,咸阳,470
重庆西,铜仁,472
格尔木,安多,480
牙克石,哈尔滨西,480
西安,桐柏,481
兰州,西安,481
汉口,石家庄,482
宜春,怀化,484
潮汕,杭州东,487
上饶,福州,488
黔江,衡阳,489
乌鲁木齐,福海,490
南京,天津西,491
石家庄,武昌,493
长春,北京,495
北京,明光,500
库尔勒,阿克苏,507
宁波,深圳北,510
九江,衡水,512
长沙,衢州,514
秦皇岛,哈尔滨,521
新余,杭州南,524
广州南,石家庄,532
西安,石家庄,547
哈尔滨,唐山北,551
赣州,阜阳,573
格尔木,那曲,585
北京,哈尔滨西,611
郑州,安康,612
哈尔滨,北京,614
武昌,广州北,644
北京西,武昌,651
南京,渭南,664
乌鲁木齐,喀什,690
重庆北,衡阳,693
北京西,西安,697
上饶,三明,741
金华,广州东,798
格尔木,拉萨,806
